No.,Ticker,Market Cap,P/E,Forward P/E,PEG,P/S,P/B,P/C,P/FCF,EPS This Y,EPS Next Y,EPS Past 5Y,EPS Next 5Y,Sales Past 5Y,Price,Change %,Volume,Scraped_At
1,IITUB,46.10B,11.12,8.65,0.68,0.61,2.23,-,2.20,17.95%,10.00%,16.95%,12.79%,15.71%,8.53,5.44%,54102195,2026-10-01 00:40:55
2,CCBOE,28.75B,21.44,18.43,1.22,5.68,5.12,12.08,30.00,31.33%,6.57%,19.51%,15.08%,6.59%,275.29,5.17%,2288678,2026-10-01 00:40:55
3,UUTHR,23.24B,19.38,18.83,2.64,7.37,3.61,8.73,21.33,-6.28%,10.22%,19.27%,7.12%,16.50%,541.89,12.55%,3336748,2026-10-01 00:40:55
4,GGEN,13.18B,12.78,6.66,0.55,2.60,4.97,23.37,8.51,14.44%,12.91%,11.23%,12.17%,14.41%,22.02,5.61%,19494223,2026-10-01 00:40:55
5,IIBRX,10.00B,-,-,-,60.35,-,28.00,-,-152.63%,85.16%,15.60%,-,299.74%,9.44,6.91%,27286818,2026-10-01 00:40:55
6,PPGEN,3.06B,-,13.47,-,35.75,70.33,80.21,-,112.51%,270.84%,-6.02%,-,-37.70%,8.56,6.34%,11685477,2026-10-01 00:40:55
7,RROG,2.73B,88.04,34.48,1.02,3.27,2.27,12.93,33.02,52.82%,21.49%,-,33.80%,0.20%,152.99,10.73%,1092467,2026-10-01 00:40:55
8,IIDT,1.99B,23.09,17.93,2.05,1.53,5.62,4.84,29.26,10.47%,5.69%,-1.34%,8.73%,-2.15%,79.97,5.84%,783578,2026-10-01 00:40:55
9,AAAPG,1.52B,-,-,-,16.51,18.49,5.43,-,43.70%,60.56%,-1.32%,48.17%,113.42%,16.31,6.25%,13726,2026-10-01 00:40:55
10,AAZUL,1.46B,-,4.96,-,0.35,-,5.94,-,445.09%,92.30%,-,-,28.31%,7.9,14.49%,434189,2026-10-01 00:40:55
11,CCOUR,1.31B,-,6.03,0.21,1.48,1.17,1.34,123.72,62.31%,30.02%,9.17%,28.89%,20.88%,4.96,6.21%,14463011,2026-10-01 00:40:55
12,MMNKD,1.25B,-,-,-,3.19,-,11.28,-,-1006.25%,100.00%,-,43.79%,39.89%,3.9,16.77%,15020194,2026-10-01 00:40:55
13,HHBNB,1.17B,-,-,-,-,-,-,-,-,-,-110.31%,-,-,5.01,7.74%,188117,2026-10-01 00:40:55
14,SSPTX,1.08B,-,-,-,-,2.55,3.95,-,85.95%,41.75%,-,56.24%,-,20.17,7.92%,488678,2026-10-01 00:40:55
15,IIVA,871.73M,-,-,-,14528.76,12.92,4.59,-,70.40%,-8.81%,-13.59%,47.20%,64.18%,3.69,12.16%,4802651,2026-10-01 00:40:55
16,DDNA,863.98M,-,-,-,7.72,1.85,2.83,-,23.23%,20.55%,-7.49%,-,17.29%,12.83,7.27%,4652965,2026-10-01 00:40:55
17,AAHG,768.64M,-,-,-,55.38,4.26,4521.39,-,-,-,59.38%,-,51.13%,0.9,30.25%,5643300,2026-10-01 00:40:55
18,PPACB,736.67M,-,-,-,4.63,-,3.11,-,74.73%,1.17%,-,41.93%,15.19%,2.37,29.51%,80386307,2026-10-01 00:40:55
19,CCBNK,640.37M,11.54,10.26,1.50,2.12,1.52,-,9.82,3.51%,10.19%,12.75%,6.86%,12.86%,39.31,10.27%,749965,2026-10-01 00:40:55
20,SSGMT,608.53M,-,-,-,-,2.38,2.53,-,26.96%,-20.29%,-24.29%,-1.26%,-,9.88,5.89%,5453770,2026-10-01 00:40:55
21,EEPRX,599.78M,-,-,-,-,5.86,4.49,-,14.70%,-11.48%,-34.75%,-3.61%,-,9.1,9.57%,1279354,2026-10-01 00:40:55
22,CCAPR,550.58M,-,-,-,-,2.23,2.31,-,31.81%,3.31%,-20.84%,-,-,9.47,10.50%,20566626,2026-10-01 00:40:55
23,XXRPN,518.07M,168.03,-,-,-,2.29,10361.49,-,-,-,-,-,-,16.4,27.13%,2732728,2026-10-01 00:40:55
24,CCTNM,504.87M,-,-,-,-,2.11,2.13,-,20.61%,-15.24%,-,2.93%,-,13.42,16.70%,1597799,2026-10-01 00:40:55
25,HHKD,352.67M,10.30,-,-,7.04,2.12,6.49,-,-,-,7.02%,-,14.67%,1.79,5.92%,690905,2026-10-01 00:40:55
26,OOPTX,332.30M,-,-,-,11.36,10.9,23.65,-,-,-,-53.30%,-,-,8.25,11.34%,991270,2026-10-01 00:40:55
27,CCDZI,331.93M,-,-,-,28.03,70.75,62.39,-,-15.63%,4.50%,15.24%,-,97.64%,3.92,9.50%,2520895,2026-10-01 00:40:55
