Ticker,Latest_Signal,Latest_Signal_Name,Latest_Date,Bearish_Count_90d,Bullish_Count_90d,Latest_Close,Market Cap,P/E,Forward P/E,PEG,P/S,P/B,P/C,P/FCF,EPS This Y,EPS Next Y,EPS Past 5Y,EPS Next 5Y,Sales Past 5Y,Price,Change %,Volume,Scraped_At
AAMT,0,Neutral,2026-10-09,0,0,,84.92B,25.06,25.86,1.94,7.76,22.83,44.87,21.44,29.08%,1.11%,7.32%,13.34%,5.77%,182.24,9.30%,8512229.0,2026-10-10 01:05:49
DDNA,0,Neutral,2026-10-09,0,0,,875.43M,-,-,-,7.83,1.88,2.87,-,23.23%,20.55%,-7.49%,-,17.29%,13.0,14.64%,4519918.0,2026-10-10 01:05:49
FFSLY,0,Neutral,2026-10-09,0,0,,4.67B,-,45.61,0.55,6.79,4.70,13.83,249.47,304.12%,22.28%,2.21%,82.53%,16.49%,29.3,15.86%,15175786.0,2026-10-10 01:05:49
HHUM,0,Neutral,2026-10-09,0,0,,51.86B,40.90,25.22,1.32,0.36,2.70,-,26.61,-46.56%,86.95%,-17.23%,19.11%,10.94%,431.87,11.56%,4993541.0,2026-10-10 01:05:49
IINTR,0,Neutral,2026-10-09,0,0,,3.38B,11.78,8.03,0.34,1.05,1.67,-,3.19,26.73%,24.34%,159.41%,23.75%,59.62%,7.68,6.08%,13486225.0,2026-10-10 01:05:49
IIPX,0,Neutral,2026-10-09,0,0,,596.91M,-,1443.08,-,-,6.33,16.94,-,11.30%,106.44%,1.92%,-,-,16.48,7.85%,609100.0,2026-10-10 01:05:49
KKLRA,0,Neutral,2026-10-09,0,0,,1.51B,-,-,-,-,1.35,1.64,-,-202.70%,-2.10%,-,-,-,11.61,16.10%,2182264.0,2026-10-10 01:05:49
MMNSO,0,Neutral,2026-10-09,0,0,,2.82B,16.42,7.23,0.19,0.84,1.90,2.59,-,91.54%,18.56%,-,37.92%,16.85%,9.6,5.84%,2339705.0,2026-10-10 01:05:49
NNVAX,0,Neutral,2026-10-09,0,0,,2.10B,-,407.09,-,5.08,-,2.92,-,-126.09%,104.65%,-,-,18.76%,12.75,15.80%,19026371.0,2026-10-10 01:05:49
PPCVX,0,Neutral,2026-10-09,0,0,,10.62B,-,-,-,-,3.75,7.14,-,-47.42%,21.00%,-26.39%,-2.65%,-,71.38,9.79%,4381740.0,2026-10-10 01:05:49
PPICS,0,Neutral,2026-10-09,0,0,,1.76B,7157.89,4.37,0.06,0.69,1.45,1.68,0.62,89.62%,95.95%,-,69.02%,-,13.6,13.52%,1014372.0,2026-10-10 01:05:49
PPRME,0,Neutral,2026-10-09,0,0,,723.69M,-,-,-,177.81,18.11,7.61,-,28.53%,4.16%,-91.28%,13.58%,-2.32%,3.99,11.45%,8066435.0,2026-10-10 01:05:49
QQDEL,0,Neutral,2026-10-09,0,0,,920.28M,-,9.30,-,0.34,0.52,7.46,-,-63.55%,86.70%,-,-4.28%,10.42%,13.42,8.14%,3576905.0,2026-10-10 01:05:49
QQSI,0,Neutral,2026-10-09,0,0,,334.89M,-,-,-,209.31,1.86,3.0,-,15.61%,17.27%,40.39%,19.77%,-,1.53,25.41%,40903937.0,2026-10-10 01:05:49
SSBAC,0,Neutral,2026-10-09,0,0,,19.36B,19.65,21.91,-,6.74,-,50.29,41.00,-21.41%,8.17%,115.18%,-2.20%,6.21%,182.49,7.34%,2355599.0,2026-10-10 01:05:49
SSECZ,0,Neutral,2026-10-09,0,0,,2.26B,-,37.95,0.35,156.26,-,37.12,22563.28,-504.90%,189.95%,-,108.01%,-,13.82,9.16%,5716414.0,2026-10-10 01:05:49
WWFF,0,Neutral,2026-10-09,0,0,,515.22M,-,-,-,95.23,83.58,490.69,-,-,-,-266.87%,-,7.05%,12.29,499.51%,146064663.0,2026-10-10 01:05:49
WWRD,0,Neutral,2026-10-09,0,0,,1.49B,-,-,-,12.59,1.68,1.88,-,-113.12%,21.33%,-14.99%,-0.22%,104.92%,4.81,6.65%,7123204.0,2026-10-10 01:05:49
AAPL,0,Neutral,2026-10-09,2,2,,,,,,,,,,,,,,,,,,
AMAT,0,Neutral,2026-10-09,4,0,,,,,,,,,,,,,,,,,,
CCCI,0,Neutral,2026-10-09,0,0,,33.88B,17.55,28.23,0.66,8.14,-,27.13,14.08,90.27%,46.78%,13.21%,43.04%,-6.10%,79.64,15.60%,14393053.0,2026-10-10 01:05:49
FSMD,0,Neutral,2026-10-09,0,1,,,,,,,,,,,,,,,,,,
GGME,0,Neutral,2026-10-09,3,0,,13.40B,17.61,14.28,-,3.77,1.94,2.65,19.48,52.54%,3.33%,-,-,-6.54%,26.56,5.06%,16294860.0,2026-10-10 01:05:49
SSVC,0,Neutral,2026-10-09,0,0,,925.99M,-,-,-,0.56,0.23,32.29,-,59.67%,58.64%,8.43%,42.66%,7.46%,7.15,14.95%,16851277.0,2026-10-10 01:05:49
