Ticker,Latest_Close,RSI,Momentum,Momentum_Strength_Pct,SMA_20,SMA_50,Current_Trend,Signal_Strength,Bullish_Days_30d,Bearish_Days_30d,Strong_Bullish_Days_30d,Strong_Bearish_Days_30d,Market Cap,P/E,Forward P/E,PEG,P/S,P/B,P/C,P/FCF,EPS This Y,EPS Next Y,EPS Past 5Y,EPS Next 5Y,Sales Past 5Y,Price,Change %,Volume,Scraped_At
AACRS,,,,,,,Neutral,Normal,0,0,0,0,557.89M,-,-,-,67.87,4.25,6.09,-,-25.43%,-14.21%,15.08%,-14.22%,3.84%,3.79,11.47%,8735450.0,2026-10-09 01:19:51
AANL,,,,,,,Neutral,Normal,0,0,0,0,910.90M,-,-,-,50.33,4.65,3.91,-,50.00%,-58.69%,10.50%,-0.28%,-,15.51,10.39%,985260.0,2026-10-09 01:19:51
AASC,,,,,,,Neutral,Normal,0,0,0,0,795.38M,7.54,7.93,1.33,2.16,1.14,16.52,52.57,255.79%,-27.32%,-,5.95%,7.11%,19.47,5.36%,1318218.0,2026-10-09 01:19:51
BBCAX,,,,,,,Neutral,Normal,0,0,0,0,1.14B,-,-,-,-,2.43,2.3,-,-35.78%,-5.67%,-,-10.72%,-,17.26,5.12%,1253643.0,2026-10-09 01:19:51
BBORR,,,,,,,Neutral,Normal,0,0,0,0,1.42B,-,39.46,0.96,1.40,1.48,6.33,-,-521.60%,116.30%,-,41.32%,27.12%,4.61,7.21%,12187604.0,2026-10-09 01:19:51
BBUUU,,,,,,,Neutral,Normal,0,0,0,0,769.54M,-,-,-,-,868.72,1054.17,-,-,-,-,-,-,40.83,9.99%,380381.0,2026-10-09 01:19:51
CCMG,,,,,,,Neutral,Normal,0,0,0,0,41.35B,30.14,23.81,2.20,3.33,18.83,61.01,26.36,-1.77%,19.44%,35.50%,10.84%,14.79%,32.68,6.21%,72035975.0,2026-10-09 01:19:51
EERAS,,,,,,,Neutral,Normal,0,0,0,0,5.41B,-,-,-,-,13.35,20.12,-,-121.20%,36.24%,12.46%,-20.83%,-,15.46,9.49%,9613118.0,2026-10-09 01:19:51
FFIGS,,,,,,,Neutral,Normal,0,0,0,0,2.49B,46.35,40.01,1.40,3.50,5.61,8.4,25.60,92.98%,2.12%,-9.21%,28.52%,19.12%,14.98,6.54%,5967030.0,2026-10-09 01:19:51
FFRO,,,,,,,Neutral,Normal,0,0,0,0,12.52B,8.43,10.50,0.44,4.61,3.97,38.86,18.18,507.73%,-48.13%,-4.20%,23.63%,10.27%,56.26,6.03%,6389351.0,2026-10-09 01:19:51
GGFUZ,,,,,,,Neutral,Normal,0,0,0,0,462.78M,-,-,-,-,2.69,244.86,-,-,-,-,-,-,8.71,14.61%,673477.0,2026-10-09 01:19:51
HHAE,,,,,,,Neutral,Normal,0,0,0,0,5.44B,58.27,20.53,2.00,4.02,6.49,24.33,18.66,7.12%,9.50%,5.81%,10.25%,8.91%,119.47,17.46%,2777090.0,2026-10-09 01:19:51
HHAFN,,,,,,,Neutral,Normal,0,0,0,0,5.81B,8.32,9.17,1.55,2.18,2.05,16.44,10.76,119.73%,-20.81%,10.80%,5.91%,21.16%,10.85,5.03%,4042688.0,2026-10-09 01:19:51
HHNRG,,,,,,,Neutral,Normal,0,0,0,0,683.58M,700.48,63.74,-,1.53,3.59,19.57,-,-138.54%,161.49%,-,-8.86%,13.67%,14.5,6.23%,2618193.0,2026-10-09 01:19:51
KKRSA,,,,,,,Neutral,Normal,0,0,0,0,1.53B,-,-,-,803.21,4.01,1097.91,-,-,-,53.53%,-,-2.01%,33.51,5.88%,194126.0,2026-10-09 01:19:51
LLQDA,,,,,,,Neutral,Normal,0,0,0,0,2.51B,20.54,11.98,-,5.56,12.80,8.83,16.64,410.69%,-5.90%,14.60%,-,192.49%,28.02,5.02%,5259541.0,2026-10-09 01:19:51
MMANE,,,,,,,Neutral,Normal,0,0,0,0,5.29B,-,-,-,-,6.50,6.45,-,15.85%,7.89%,-,21.43%,-,126.63,14.13%,3490877.0,2026-10-09 01:19:51
NNTLA,,,,,,,Neutral,Normal,0,0,0,0,1.77B,-,-,-,29.67,2.42,4.03,-,16.00%,17.87%,-9.70%,24.16%,3.13%,12.6,7.60%,13974130.0,2026-10-09 01:19:51
SSECZ,,,,,,,Neutral,Normal,0,0,0,0,2.07B,-,35.18,0.33,143.14,-,34.0,20669.45,-506.90%,188.45%,-,107.12%,-,12.66,11.05%,8016482.0,2026-10-09 01:19:51
UULS,,,,,,,Neutral,Normal,0,0,0,0,14.26B,28.57,27.19,2.10,4.53,8.94,32.87,32.72,16.45%,12.14%,6.75%,12.93%,5.82%,70.65,5.24%,2140209.0,2026-10-09 01:19:51
ZZ,,,,,,,Neutral,Normal,0,0,0,0,6.59B,129.47,10.09,0.33,2.35,1.52,9.58,25.74,35.86%,29.79%,-,30.84%,-5.01%,29.17,6.93%,9138765.0,2026-10-09 01:19:51
AAPL,,50.70058287545026,,,,,Neutral,Normal,7,0,10,0,,,,,,,,,,,,,,,,,
AMAT,,81.47442821857304,,,,,Neutral,Strong_Bullish,0,0,10,13,,,,,,,,,,,,,,,,,
CCD,23.540000915527344,49.29973051352027,0.1500015258789027,0.637219711321079,23.239999961853027,24.23566837310791,Neutral,Normal,0,11,0,17,1.20B,-,-,-,641.76,18.19,27.41,-,-,-,-156.16%,-,5.89%,10.91,7.49%,709792.0,2026-10-09 01:19:51
FSMD,,46.10775707488447,,,,,Neutral,Normal,0,10,0,6,,,,,,,,,,,,,,,,,
MMAX,27.520000457763672,78.2351621227416,0.060001373291015625,0.21802824234361026,27.461349868774413,27.380320014953615,Bullish,Strong_Bullish,14,0,14,0,654.30M,6.65,9.14,0.19,0.53,19.92,27.55,11.63,258.11%,-16.36%,-,48.77%,13.75%,10.68,10.44%,2098323.0,2026-10-09 01:19:51
PPCRX,,29.03226798827265,,,,,Neutral,Strong_Bearish,0,13,0,15,1.45B,104.87,10.52,0.52,1.94,2.16,5.78,8.08,9.30%,19.41%,-45.77%,20.25%,11.07%,36.39,44.40%,28901927.0,2026-10-09 01:19:51
