Ticker,Date,Open,High,Low,Close,Volume
AAAPG,2026-07-06,,,,,
AAHG,2026-07-06,,,,,
AAZUL,2026-07-06,,,,,
CCAPR,2026-07-06,,,,,
CCBNK,2026-07-06,,,,,
CCBOE,2026-07-06,,,,,
CCDZI,2026-07-06,,,,,
CCOUR,2026-07-06,,,,,
CCTNM,2026-07-06,,,,,
DDNA,2026-07-06,,,,,
EEPRX,2026-07-06,,,,,
GGEN,2026-07-06,,,,,
HHBNB,2026-07-06,,,,,
HHKD,2026-07-06,,,,,
IIBRX,2026-07-06,,,,,
IIDT,2026-07-06,,,,,
IITUB,2026-07-06,,,,,
IIVA,2026-07-06,,,,,
MMNKD,2026-07-06,,,,,
OOPTX,2026-07-06,,,,,
PPACB,2026-07-06,,,,,
PPGEN,2026-07-06,,,,,
RROG,2026-07-06,,,,,
SSGMT,2026-07-06,,,,,
SSPTX,2026-07-06,,,,,
UUTHR,2026-07-06,,,,,
XXRPN,2026-07-06,,,,,
AAPL,2026-07-06,307.0951430290638,313.9292760509671,306.7354678654279,312.3905944824219,53590000.0
AMAT,2026-07-06,627.0894783995512,628.3281441590747,591.0479995771518,592.1567993164062,8622800.0
FSMD,2026-07-06,51.47942872911302,51.96762318194228,51.47942872911302,51.6488037109375,101300.0
AAAPG,2026-07-07,,,,,
AAHG,2026-07-07,,,,,
AAZUL,2026-07-07,,,,,
CCAPR,2026-07-07,,,,,
CCBNK,2026-07-07,,,,,
CCBOE,2026-07-07,,,,,
CCDZI,2026-07-07,,,,,
CCOUR,2026-07-07,,,,,
CCTNM,2026-07-07,,,,,
DDNA,2026-07-07,,,,,
EEPRX,2026-07-07,,,,,
GGEN,2026-07-07,,,,,
HHBNB,2026-07-07,,,,,
HHKD,2026-07-07,,,,,
IIBRX,2026-07-07,,,,,
IIDT,2026-07-07,,,,,
IITUB,2026-07-07,,,,,
IIVA,2026-07-07,,,,,
MMNKD,2026-07-07,,,,,
OOPTX,2026-07-07,,,,,
PPACB,2026-07-07,,,,,
PPGEN,2026-07-07,,,,,
RROG,2026-07-07,,,,,
SSGMT,2026-07-07,,,,,
SSPTX,2026-07-07,,,,,
UUTHR,2026-07-07,,,,,
XXRPN,2026-07-07,,,,,
AAPL,2026-07-07,315.0183186077797,315.20815732134815,309.88273318392555,310.3923034667969,42490000.0
AMAT,2026-07-07,544.7674639619504,557.6837065297274,527.0664207171061,553.90771484375,12552400.0
FSMD,2026-07-07,51.52924817376725,51.76537358691841,50.62360034067465,50.951385498046875,111100.0
AAAPG,2026-07-08,,,,,
AAHG,2026-07-08,,,,,
AAZUL,2026-07-08,,,,,
CCAPR,2026-07-08,,,,,
CCBNK,2026-07-08,,,,,
CCBOE,2026-07-08,,,,,
CCDZI,2026-07-08,,,,,
CCOUR,2026-07-08,,,,,
CCTNM,2026-07-08,,,,,
DDNA,2026-07-08,,,,,
EEPRX,2026-07-08,,,,,
GGEN,2026-07-08,,,,,
HHBNB,2026-07-08,,,,,
HHKD,2026-07-08,,,,,
IIBRX,2026-07-08,,,,,
IIDT,2026-07-08,,,,,
IITUB,2026-07-08,,,,,
IIVA,2026-07-08,,,,,
MMNKD,2026-07-08,,,,,
OOPTX,2026-07-08,,,,,
PPACB,2026-07-08,,,,,
PPGEN,2026-07-08,,,,,
RROG,2026-07-08,,,,,
SSGMT,2026-07-08,,,,,
SSPTX,2026-07-08,,,,,
UUTHR,2026-07-08,,,,,
XXRPN,2026-07-08,,,,,
AAPL,2026-07-08,311.6412289475945,314.5487250421545,306.7854009831778,313.1199645996094,41323500.0
AMAT,2026-07-08,546.5155951343639,577.5224790280582,545.5965948965757,569.890625,7535700.0
FSMD,2026-07-08,50.92149462684121,50.92149462684121,50.0746273510443,50.67241668701172,152700.0
AAAPG,2026-07-09,,,,,
AAHG,2026-07-09,,,,,
AAZUL,2026-07-09,,,,,
CCAPR,2026-07-09,,,,,
CCBNK,2026-07-09,,,,,
CCBOE,2026-07-09,,,,,
CCDZI,2026-07-09,,,,,
CCOUR,2026-07-09,,,,,
CCTNM,2026-07-09,,,,,
DDNA,2026-07-09,,,,,
EEPRX,2026-07-09,,,,,
GGEN,2026-07-09,,,,,
HHBNB,2026-07-09,,,,,
HHKD,2026-07-09,,,,,
IIBRX,2026-07-09,,,,,
IIDT,2026-07-09,,,,,
IITUB,2026-07-09,,,,,
IIVA,2026-07-09,,,,,
MMNKD,2026-07-09,,,,,
OOPTX,2026-07-09,,,,,
PPACB,2026-07-09,,,,,
PPGEN,2026-07-09,,,,,
RROG,2026-07-09,,,,,
SSGMT,2026-07-09,,,,,
SSPTX,2026-07-09,,,,,
UUTHR,2026-07-09,,,,,
XXRPN,2026-07-09,,,,,
AAPL,2026-07-09,310.24243869469103,316.2572401947346,307.8944576262147,315.947509765625,48124500.0
AMAT,2026-07-09,626.6399288937963,629.307059829824,584.8246567854503,588.0311889648438,14418000.0
FSMD,2026-07-09,51.21042897571279,51.62887811505521,50.93145908218987,51.36983871459961,106000.0
AAAPG,2026-07-10,,,,,
AAHG,2026-07-10,,,,,
AAZUL,2026-07-10,,,,,
CCAPR,2026-07-10,,,,,
CCBNK,2026-07-10,,,,,
CCBOE,2026-07-10,,,,,
CCDZI,2026-07-10,,,,,
CCOUR,2026-07-10,,,,,
CCTNM,2026-07-10,,,,,
DDNA,2026-07-10,,,,,
EEPRX,2026-07-10,,,,,
GGEN,2026-07-10,,,,,
HHBNB,2026-07-10,,,,,
HHKD,2026-07-10,,,,,
IIBRX,2026-07-10,,,,,
IIDT,2026-07-10,,,,,
IITUB,2026-07-10,,,,,
IIVA,2026-07-10,,,,,
MMNKD,2026-07-10,,,,,
OOPTX,2026-07-10,,,,,
PPACB,2026-07-10,,,,,
PPGEN,2026-07-10,,,,,
RROG,2026-07-10,,,,,
SSGMT,2026-07-10,,,,,
SSPTX,2026-07-10,,,,,
UUTHR,2026-07-10,,,,,
XXRPN,2026-07-10,,,,,
AAPL,2026-07-10,314.4488202226986,316.6369356310425,311.9010296470402,315.0483093261719,34132300.0
AMAT,2026-07-10,577.6223486472957,608.5692381423538,572.7775535169973,601.8564453125,6279300.0
FSMD,2026-07-10,51.42961500602939,51.54917516069975,51.070942143274245,51.39972686767578,116900.0
AAAPG,2026-07-13,,,,,
AAHG,2026-07-13,,,,,
AAZUL,2026-07-13,,,,,
CCAPR,2026-07-13,,,,,
CCBNK,2026-07-13,,,,,
CCBOE,2026-07-13,,,,,
CCDZI,2026-07-13,,,,,
CCOUR,2026-07-13,,,,,
CCTNM,2026-07-13,,,,,
DDNA,2026-07-13,,,,,
EEPRX,2026-07-13,,,,,
GGEN,2026-07-13,,,,,
HHBNB,2026-07-13,,,,,
HHKD,2026-07-13,,,,,
IIBRX,2026-07-13,,,,,
IIDT,2026-07-13,,,,,
IITUB,2026-07-13,,,,,
IIVA,2026-07-13,,,,,
MMNKD,2026-07-13,,,,,
OOPTX,2026-07-13,,,,,
PPACB,2026-07-13,,,,,
PPGEN,2026-07-13,,,,,
RROG,2026-07-13,,,,,
SSGMT,2026-07-13,,,,,
SSPTX,2026-07-13,,,,,
UUTHR,2026-07-13,,,,,
XXRPN,2026-07-13,,,,,
AAPL,2026-07-13,316.7468014245228,323.171283634363,315.5078797345754,317.03656005859375,43257800.0
AMAT,2026-07-13,581.3883143507304,589.3897679295872,567.5431340526876,574.775390625,7561700.0
FSMD,2026-07-13,51.09086588215463,51.29012899445786,50.62260193896397,50.79197311401367,97700.0
AAAPG,2026-07-14,,,,,
AAHG,2026-07-14,,,,,
AAZUL,2026-07-14,,,,,
CCAPR,2026-07-14,,,,,
CCBNK,2026-07-14,,,,,
CCBOE,2026-07-14,,,,,
CCDZI,2026-07-14,,,,,
CCOUR,2026-07-14,,,,,
CCTNM,2026-07-14,,,,,
DDNA,2026-07-14,,,,,
EEPRX,2026-07-14,,,,,
GGEN,2026-07-14,,,,,
HHBNB,2026-07-14,,,,,
HHKD,2026-07-14,,,,,
IIBRX,2026-07-14,,,,,
IIDT,2026-07-14,,,,,
IITUB,2026-07-14,,,,,
IIVA,2026-07-14,,,,,
MMNKD,2026-07-14,,,,,
OOPTX,2026-07-14,,,,,
PPACB,2026-07-14,,,,,
PPGEN,2026-07-14,,,,,
RROG,2026-07-14,,,,,
SSGMT,2026-07-14,,,,,
SSPTX,2026-07-14,,,,,
UUTHR,2026-07-14,,,,,
XXRPN,2026-07-14,,,,,
AAPL,2026-07-14,313.48965629761443,315.91755515351207,311.64124426456783,314.58868408203125,36336800.0
AMAT,2026-07-14,613.2442927340592,613.4840266250667,583.3762057568129,595.063720703125,6513900.0
FSMD,2026-07-14,51.02112706475666,51.35489061017799,50.81190249604132,51.011165618896484,109800.0
AAAPG,2026-07-15,,,,,
AAHG,2026-07-15,,,,,
AAZUL,2026-07-15,,,,,
CCAPR,2026-07-15,,,,,
CCBNK,2026-07-15,,,,,
CCBOE,2026-07-15,,,,,
CCDZI,2026-07-15,,,,,
CCOUR,2026-07-15,,,,,
CCTNM,2026-07-15,,,,,
DDNA,2026-07-15,,,,,
EEPRX,2026-07-15,,,,,
GGEN,2026-07-15,,,,,
HHBNB,2026-07-15,,,,,
HHKD,2026-07-15,,,,,
IIBRX,2026-07-15,,,,,
IIDT,2026-07-15,,,,,
IITUB,2026-07-15,,,,,
IIVA,2026-07-15,,,,,
MMNKD,2026-07-15,,,,,
OOPTX,2026-07-15,,,,,
PPACB,2026-07-15,,,,,
PPGEN,2026-07-15,,,,,
RROG,2026-07-15,,,,,
SSGMT,2026-07-15,,,,,
SSPTX,2026-07-15,,,,,
UUTHR,2026-07-15,,,,,
XXRPN,2026-07-15,,,,,
AAPL,2026-07-15,317.34631234952286,328.44675508114506,317.0465830462295,327.2178039550781,60957600.0
AMAT,2026-07-15,609.7279860046576,611.0665204494271,556.5648048596327,578.81103515625,8168200.0
FSMD,2026-07-15,51.14068457444485,51.14068457444485,50.47315371749118,50.88164138793945,90400.0
AAAPG,2026-07-16,,,,,
AAHG,2026-07-16,,,,,
AAZUL,2026-07-16,,,,,
CCAPR,2026-07-16,,,,,
CCBNK,2026-07-16,,,,,
CCBOE,2026-07-16,,,,,
CCDZI,2026-07-16,,,,,
CCOUR,2026-07-16,,,,,
CCTNM,2026-07-16,,,,,
DDNA,2026-07-16,,,,,
EEPRX,2026-07-16,,,,,
GGEN,2026-07-16,,,,,
HHBNB,2026-07-16,,,,,
HHKD,2026-07-16,,,,,
IIBRX,2026-07-16,,,,,
IIDT,2026-07-16,,,,,
IITUB,2026-07-16,,,,,
IIVA,2026-07-16,,,,,
MMNKD,2026-07-16,,,,,
OOPTX,2026-07-16,,,,,
PPACB,2026-07-16,,,,,
PPGEN,2026-07-16,,,,,
RROG,2026-07-16,,,,,
SSGMT,2026-07-16,,,,,
SSPTX,2026-07-16,,,,,
UUTHR,2026-07-16,,,,,
XXRPN,2026-07-16,,,,,
AAPL,2026-07-16,327.72736328456057,334.3915986652446,326.50841333986017,332.97283935546875,62970600.0
AMAT,2026-07-16,561.9390761215258,590.4586279549089,556.6747469641948,560.330810546875,8406100.0
FSMD,2026-07-16,50.7620850406596,51.30009430436057,50.60267531074388,50.88164138793945,101600.0
AAAPG,2026-07-17,,,,,
AAHG,2026-07-17,,,,,
AAZUL,2026-07-17,,,,,
CCAPR,2026-07-17,,,,,
CCBNK,2026-07-17,,,,,
CCBOE,2026-07-17,,,,,
CCDZI,2026-07-17,,,,,
CCOUR,2026-07-17,,,,,
CCTNM,2026-07-17,,,,,
DDNA,2026-07-17,,,,,
EEPRX,2026-07-17,,,,,
GGEN,2026-07-17,,,,,
HHBNB,2026-07-17,,,,,
HHKD,2026-07-17,,,,,
IIBRX,2026-07-17,,,,,
IIDT,2026-07-17,,,,,
IITUB,2026-07-17,,,,,
IIVA,2026-07-17,,,,,
MMNKD,2026-07-17,,,,,
OOPTX,2026-07-17,,,,,
PPACB,2026-07-17,,,,,
PPGEN,2026-07-17,,,,,
RROG,2026-07-17,,,,,
SSGMT,2026-07-17,,,,,
SSPTX,2026-07-17,,,,,
UUTHR,2026-07-17,,,,,
XXRPN,2026-07-17,,,,,
AAPL,2026-07-17,331.693929977533,334.7013154010385,328.71648699084636,333.452392578125,63407100.0
AMAT,2026-07-17,531.8313015250113,550.5912085596145,512.671736422373,529.0941772460938,10326500.0
FSMD,2026-07-17,50.313745032570345,50.90156913646113,50.06466708686455,50.572784423828125,70300.0
AAAPG,2026-07-20,,,,,
AAHG,2026-07-20,,,,,
AAZUL,2026-07-20,,,,,
CCAPR,2026-07-20,,,,,
CCBNK,2026-07-20,,,,,
CCBOE,2026-07-20,,,,,
CCDZI,2026-07-20,,,,,
CCOUR,2026-07-20,,,,,
CCTNM,2026-07-20,,,,,
DDNA,2026-07-20,,,,,
EEPRX,2026-07-20,,,,,
GGEN,2026-07-20,,,,,
HHBNB,2026-07-20,,,,,
HHKD,2026-07-20,,,,,
IIBRX,2026-07-20,,,,,
IIDT,2026-07-20,,,,,
IITUB,2026-07-20,,,,,
IIVA,2026-07-20,,,,,
MMNKD,2026-07-20,,,,,
OOPTX,2026-07-20,,,,,
PPACB,2026-07-20,,,,,
PPGEN,2026-07-20,,,,,
RROG,2026-07-20,,,,,
SSGMT,2026-07-20,,,,,
SSPTX,2026-07-20,,,,,
UUTHR,2026-07-20,,,,,
XXRPN,2026-07-20,,,,,
AAPL,2026-07-20,333.2226134619852,333.4224228207836,323.4010672140761,326.3085632324219,53468000.0
AMAT,2026-07-20,545.0471933385277,554.3971808756951,522.4014252399297,525.1384887695312,6558300.0
FSMD,2026-07-20,50.85175415137758,50.85175415137758,50.224076665949575,50.33367156982422,59800.0
AAAPG,2026-07-21,,,,,
AAHG,2026-07-21,,,,,
AAZUL,2026-07-21,,,,,
CCAPR,2026-07-21,,,,,
CCBNK,2026-07-21,,,,,
CCBOE,2026-07-21,,,,,
CCDZI,2026-07-21,,,,,
CCOUR,2026-07-21,,,,,
CCTNM,2026-07-21,,,,,
DDNA,2026-07-21,,,,,
EEPRX,2026-07-21,,,,,
GGEN,2026-07-21,,,,,
HHBNB,2026-07-21,,,,,
HHKD,2026-07-21,,,,,
IIBRX,2026-07-21,,,,,
IIDT,2026-07-21,,,,,
IITUB,2026-07-21,,,,,
IIVA,2026-07-21,,,,,
MMNKD,2026-07-21,,,,,
OOPTX,2026-07-21,,,,,
PPACB,2026-07-21,,,,,
PPGEN,2026-07-21,,,,,
RROG,2026-07-21,,,,,
SSGMT,2026-07-21,,,,,
SSPTX,2026-07-21,,,,,
UUTHR,2026-07-21,,,,,
XXRPN,2026-07-21,,,,,
AAPL,2026-07-21,322.85156758462244,329.3159936819017,321.94234806189104,327.45758056640625,41338900.0
AMAT,2026-07-21,564.3465575748833,571.8884808046024,551.4103779984987,563.9469604492188,7636400.0
FSMD,2026-07-21,50.71227166115341,51.45253135196492,50.64750896236339,51.14068603515625,152500.0
AAAPG,2026-07-22,,,,,
AAHG,2026-07-22,,,,,
AAZUL,2026-07-22,,,,,
CCAPR,2026-07-22,,,,,
CCBNK,2026-07-22,,,,,
CCBOE,2026-07-22,,,,,
CCDZI,2026-07-22,,,,,
CCOUR,2026-07-22,,,,,
CCTNM,2026-07-22,,,,,
DDNA,2026-07-22,,,,,
EEPRX,2026-07-22,,,,,
GGEN,2026-07-22,,,,,
HHBNB,2026-07-22,,,,,
HHKD,2026-07-22,,,,,
IIBRX,2026-07-22,,,,,
IIDT,2026-07-22,,,,,
IITUB,2026-07-22,,,,,
IIVA,2026-07-22,,,,,
MMNKD,2026-07-22,,,,,
OOPTX,2026-07-22,,,,,
PPACB,2026-07-22,,,,,
PPGEN,2026-07-22,,,,,
RROG,2026-07-22,,,,,
SSGMT,2026-07-22,,,,,
SSPTX,2026-07-22,,,,,
UUTHR,2026-07-22,,,,,
XXRPN,2026-07-22,,,,,
AAPL,2026-07-22,327.58746619388995,328.7164973399543,323.0613709608057,325.60919189453125,38755900.0
AMAT,2026-07-22,543.7285877495399,562.7382899428353,542.5997898919999,553.3283081054688,4963500.0
FSMD,2026-07-22,51.04105124442367,51.27020249420652,50.92149489684734,51.060977935791016,76300.0
AAAPG,2026-07-23,,,,,
AAHG,2026-07-23,,,,,
AAZUL,2026-07-23,,,,,
CCAPR,2026-07-23,,,,,
CCBNK,2026-07-23,,,,,
CCBOE,2026-07-23,,,,,
CCDZI,2026-07-23,,,,,
CCOUR,2026-07-23,,,,,
CCTNM,2026-07-23,,,,,
DDNA,2026-07-23,,,,,
EEPRX,2026-07-23,,,,,
GGEN,2026-07-23,,,,,
HHBNB,2026-07-23,,,,,
HHKD,2026-07-23,,,,,
IIBRX,2026-07-23,,,,,
IIDT,2026-07-23,,,,,
IITUB,2026-07-23,,,,,
IIVA,2026-07-23,,,,,
MMNKD,2026-07-23,,,,,
OOPTX,2026-07-23,,,,,
PPACB,2026-07-23,,,,,
PPGEN,2026-07-23,,,,,
RROG,2026-07-23,,,,,
SSGMT,2026-07-23,,,,,
SSPTX,2026-07-23,,,,,
UUTHR,2026-07-23,,,,,
XXRPN,2026-07-23,,,,,
AAPL,2026-07-23,321.4527900194849,323.0214140443725,319.0748358849152,321.3828430175781,40840800.0
AMAT,2026-07-23,548.3835479661813,575.8741699601605,546.8052796580068,562.1987915039062,5706400.0
FSMD,2026-07-23,50.44326807271972,51.0809070238819,50.44326807271972,50.83182907104492,93900.0
AAAPG,2026-07-24,,,,,
AAHG,2026-07-24,,,,,
AAZUL,2026-07-24,,,,,
CCAPR,2026-07-24,,,,,
CCBNK,2026-07-24,,,,,
CCBOE,2026-07-24,,,,,
CCDZI,2026-07-24,,,,,
CCOUR,2026-07-24,,,,,
CCTNM,2026-07-24,,,,,
DDNA,2026-07-24,,,,,
EEPRX,2026-07-24,,,,,
GGEN,2026-07-24,,,,,
HHBNB,2026-07-24,,,,,
HHKD,2026-07-24,,,,,
IIBRX,2026-07-24,,,,,
IIDT,2026-07-24,,,,,
IITUB,2026-07-24,,,,,
IIVA,2026-07-24,,,,,
MMNKD,2026-07-24,,,,,
OOPTX,2026-07-24,,,,,
PPACB,2026-07-24,,,,,
PPGEN,2026-07-24,,,,,
RROG,2026-07-24,,,,,
SSGMT,2026-07-24,,,,,
SSPTX,2026-07-24,,,,,
UUTHR,2026-07-24,,,,,
XXRPN,2026-07-24,,,,,
AAPL,2026-07-24,321.5127284115298,334.0818750563203,321.3428614810286,332.7330322265625,47489400.0
AMAT,2026-07-24,555.6158860078156,562.1988125164539,529.4438602967418,535.6771850585938,6262200.0
FSMD,2026-07-24,50.96134868788996,51.2004613849584,50.5827491501325,50.72721481323242,98000.0
AAAPG,2026-07-27,,,,,
AAHG,2026-07-27,,,,,
AAZUL,2026-07-27,,,,,
CCAPR,2026-07-27,,,,,
CCBNK,2026-07-27,,,,,
CCBOE,2026-07-27,,,,,
CCDZI,2026-07-27,,,,,
CCOUR,2026-07-27,,,,,
CCTNM,2026-07-27,,,,,
DDNA,2026-07-27,,,,,
EEPRX,2026-07-27,,,,,
GGEN,2026-07-27,,,,,
HHBNB,2026-07-27,,,,,
HHKD,2026-07-27,,,,,
IIBRX,2026-07-27,,,,,
IIDT,2026-07-27,,,,,
IITUB,2026-07-27,,,,,
IIVA,2026-07-27,,,,,
MMNKD,2026-07-27,,,,,
OOPTX,2026-07-27,,,,,
PPACB,2026-07-27,,,,,
PPGEN,2026-07-27,,,,,
RROG,2026-07-27,,,,,
SSGMT,2026-07-27,,,,,
SSPTX,2026-07-27,,,,,
UUTHR,2026-07-27,,,,,
XXRPN,2026-07-27,,,,,
AAPL,2026-07-27,334.2517370375488,339.277401491225,333.73216560461384,336.61968994140625,49604300.0
AMAT,2026-07-27,538.9636600969685,547.9640456820096,493.11272547028847,516.337890625,8011400.0
FSMD,2026-07-27,51.04105359510178,51.226368412787735,50.34363456763627,50.77204895019531,90700.0
AAAPG,2026-07-28,,,,,
AAHG,2026-07-28,,,,,
AAZUL,2026-07-28,,,,,
CCAPR,2026-07-28,,,,,
CCBNK,2026-07-28,,,,,
CCBOE,2026-07-28,,,,,
CCDZI,2026-07-28,,,,,
CCOUR,2026-07-28,,,,,
CCTNM,2026-07-28,,,,,
DDNA,2026-07-28,,,,,
EEPRX,2026-07-28,,,,,
GGEN,2026-07-28,,,,,
HHBNB,2026-07-28,,,,,
HHKD,2026-07-28,,,,,
IIBRX,2026-07-28,,,,,
IIDT,2026-07-28,,,,,
IITUB,2026-07-28,,,,,
IIVA,2026-07-28,,,,,
MMNKD,2026-07-28,,,,,
OOPTX,2026-07-28,,,,,
PPACB,2026-07-28,,,,,
PPGEN,2026-07-28,,,,,
RROG,2026-07-28,,,,,
SSGMT,2026-07-28,,,,,
SSPTX,2026-07-28,,,,,
UUTHR,2026-07-28,,,,,
XXRPN,2026-07-28,,,,,
AAPL,2026-07-28,339.73698155301014,342.59453283396704,335.31080637618777,339.78692626953125,51859000.0
AMAT,2026-07-28,490.39562597375175,494.4712544149321,466.5111623295723,475.9510498046875,9891300.0
FSMD,2026-07-28,50.70230482359038,50.70230482359038,50.174260807352745,50.67241668701172,65100.0
AAAPG,2026-07-29,,,,,
AAHG,2026-07-29,,,,,
AAZUL,2026-07-29,,,,,
CCAPR,2026-07-29,,,,,
CCBNK,2026-07-29,,,,,
CCBOE,2026-07-29,,,,,
CCDZI,2026-07-29,,,,,
CCOUR,2026-07-29,,,,,
CCTNM,2026-07-29,,,,,
DDNA,2026-07-29,,,,,
EEPRX,2026-07-29,,,,,
GGEN,2026-07-29,,,,,
HHBNB,2026-07-29,,,,,
HHKD,2026-07-29,,,,,
IIBRX,2026-07-29,,,,,
IIDT,2026-07-29,,,,,
IITUB,2026-07-29,,,,,
IIVA,2026-07-29,,,,,
MMNKD,2026-07-29,,,,,
OOPTX,2026-07-29,,,,,
PPACB,2026-07-29,,,,,
PPGEN,2026-07-29,,,,,
RROG,2026-07-29,,,,,
SSGMT,2026-07-29,,,,,
SSPTX,2026-07-29,,,,,
UUTHR,2026-07-29,,,,,
XXRPN,2026-07-29,,,,,
AAPL,2026-07-29,339.43727163464206,344.2730974331505,337.0593175600121,337.8985900878906,56090800.0
AMAT,2026-07-29,462.92498696109465,474.4926037615108,435.863897742946,435.9837951660156,10166900.0
FSMD,2026-07-29,50.55285974304149,51.02112367996388,49.696031032046726,49.835514068603516,79100.0
AAAPG,2026-07-30,,,,,
AAHG,2026-07-30,,,,,
AAZUL,2026-07-30,,,,,
CCAPR,2026-07-30,,,,,
CCBNK,2026-07-30,,,,,
CCBOE,2026-07-30,,,,,
CCDZI,2026-07-30,,,,,
CCOUR,2026-07-30,,,,,
CCTNM,2026-07-30,,,,,
DDNA,2026-07-30,,,,,
EEPRX,2026-07-30,,,,,
GGEN,2026-07-30,,,,,
HHBNB,2026-07-30,,,,,
HHKD,2026-07-30,,,,,
IIBRX,2026-07-30,,,,,
IIDT,2026-07-30,,,,,
IITUB,2026-07-30,,,,,
IIVA,2026-07-30,,,,,
MMNKD,2026-07-30,,,,,
OOPTX,2026-07-30,,,,,
PPACB,2026-07-30,,,,,
PPGEN,2026-07-30,,,,,
RROG,2026-07-30,,,,,
SSGMT,2026-07-30,,,,,
SSPTX,2026-07-30,,,,,
UUTHR,2026-07-30,,,,,
XXRPN,2026-07-30,,,,,
AAPL,2026-07-30,332.8129674612056,334.4615395264105,329.30598233808786,333.1426696777344,74817800.0
AMAT,2026-07-30,481.964635913446,507.9967967268167,475.6114136804508,501.2340087890625,12166300.0
FSMD,2026-07-30,50.27389041628389,50.62260181209756,49.92518282109797,50.61263656616211,94500.0
AAAPG,2026-07-31,,,,,
AAHG,2026-07-31,,,,,
AAZUL,2026-07-31,,,,,
CCAPR,2026-07-31,,,,,
CCBNK,2026-07-31,,,,,
CCBOE,2026-07-31,,,,,
CCDZI,2026-07-31,,,,,
CCOUR,2026-07-31,,,,,
CCTNM,2026-07-31,,,,,
DDNA,2026-07-31,,,,,
EEPRX,2026-07-31,,,,,
GGEN,2026-07-31,,,,,
HHBNB,2026-07-31,,,,,
HHKD,2026-07-31,,,,,
IIBRX,2026-07-31,,,,,
IIDT,2026-07-31,,,,,
IITUB,2026-07-31,,,,,
IIVA,2026-07-31,,,,,
MMNKD,2026-07-31,,,,,
OOPTX,2026-07-31,,,,,
PPACB,2026-07-31,,,,,
PPGEN,2026-07-31,,,,,
RROG,2026-07-31,,,,,
SSGMT,2026-07-31,,,,,
SSPTX,2026-07-31,,,,,
UUTHR,2026-07-31,,,,,
XXRPN,2026-07-31,,,,,
AAPL,2026-07-31,304.54735603914753,310.4222943774597,299.7415030462749,308.6438293457031,132489100.0
AMAT,2026-07-31,531.1220786860339,535.9668737789481,502.37282121259443,507.12774658203125,7411500.0
FSMD,2026-07-31,50.92149454619784,51.10182673110863,49.96503617091799,50.552860260009766,96500.0
AAAPG,2026-08-03,,,,,
AAHG,2026-08-03,,,,,
AAZUL,2026-08-03,,,,,
CCAPR,2026-08-03,,,,,
CCBNK,2026-08-03,,,,,
CCBOE,2026-08-03,,,,,
CCDZI,2026-08-03,,,,,
CCOUR,2026-08-03,,,,,
CCTNM,2026-08-03,,,,,
DDNA,2026-08-03,,,,,
EEPRX,2026-08-03,,,,,
GGEN,2026-08-03,,,,,
HHBNB,2026-08-03,,,,,
HHKD,2026-08-03,,,,,
IIBRX,2026-08-03,,,,,
IIDT,2026-08-03,,,,,
IITUB,2026-08-03,,,,,
IIVA,2026-08-03,,,,,
MMNKD,2026-08-03,,,,,
OOPTX,2026-08-03,,,,,
PPACB,2026-08-03,,,,,
PPGEN,2026-08-03,,,,,
RROG,2026-08-03,,,,,
SSGMT,2026-08-03,,,,,
SSPTX,2026-08-03,,,,,
UUTHR,2026-08-03,,,,,
XXRPN,2026-08-03,,,,,
AAPL,2026-08-03,309.313234694189,311.5313230344714,302.29929450581176,303.1585693359375,75052000.0
AMAT,2026-08-03,498.32712632825064,518.9450942734654,491.15480298654495,517.656494140625,5978900.0
FSMD,2026-08-03,50.85175356487201,51.33994420297488,50.65348621556947,51.32998275756836,93300.0
AAAPG,2026-08-04,,,,,
AAHG,2026-08-04,,,,,
AAZUL,2026-08-04,,,,,
CCAPR,2026-08-04,,,,,
CCBNK,2026-08-04,,,,,
CCBOE,2026-08-04,,,,,
CCDZI,2026-08-04,,,,,
CCOUR,2026-08-04,,,,,
CCTNM,2026-08-04,,,,,
DDNA,2026-08-04,,,,,
EEPRX,2026-08-04,,,,,
GGEN,2026-08-04,,,,,
HHBNB,2026-08-04,,,,,
HHKD,2026-08-04,,,,,
IIBRX,2026-08-04,,,,,
IIDT,2026-08-04,,,,,
IITUB,2026-08-04,,,,,
IIVA,2026-08-04,,,,,
MMNKD,2026-08-04,,,,,
OOPTX,2026-08-04,,,,,
PPACB,2026-08-04,,,,,
PPGEN,2026-08-04,,,,,
RROG,2026-08-04,,,,,
SSGMT,2026-08-04,,,,,
SSPTX,2026-08-04,,,,,
UUTHR,2026-08-04,,,,,
XXRPN,2026-08-04,,,,,
AAPL,2026-08-04,302.46913991298527,310.1525156602479,301.0603512911937,309.1134033203125,68001000.0
AMAT,2026-08-04,544.0682662981079,549.0828628159294,534.9779497172648,546.0361328125,7971700.0
FSMD,2026-08-04,51.798249930186344,52.42592360078349,51.33994363338769,52.3262939453125,104100.0
AAAPG,2026-08-05,,,,,
AAHG,2026-08-05,,,,,
AAZUL,2026-08-05,,,,,
CCAPR,2026-08-05,,,,,
CCBNK,2026-08-05,,,,,
CCBOE,2026-08-05,,,,,
CCDZI,2026-08-05,,,,,
CCOUR,2026-08-05,,,,,
CCTNM,2026-08-05,,,,,
DDNA,2026-08-05,,,,,
EEPRX,2026-08-05,,,,,
GGEN,2026-08-05,,,,,
HHBNB,2026-08-05,,,,,
HHKD,2026-08-05,,,,,
IIBRX,2026-08-05,,,,,
IIDT,2026-08-05,,,,,
IITUB,2026-08-05,,,,,
IIVA,2026-08-05,,,,,
MMNKD,2026-08-05,,,,,
OOPTX,2026-08-05,,,,,
PPACB,2026-08-05,,,,,
PPGEN,2026-08-05,,,,,
RROG,2026-08-05,,,,,
SSGMT,2026-08-05,,,,,
SSPTX,2026-08-05,,,,,
UUTHR,2026-08-05,,,,,
XXRPN,2026-08-05,,,,,
AAPL,2026-08-05,309.09342362565195,311.4414048335362,305.40663118634393,310.7320251464844,49438800.0
AMAT,2026-08-05,543.9283605515157,553.488145130258,530.0032489134359,533.6693115234375,5358100.0
FSMD,2026-08-05,52.405996669247784,52.62120341318307,51.8879179024211,51.99750900268555,100500.0
AAAPG,2026-08-06,,,,,
AAHG,2026-08-06,,,,,
AAZUL,2026-08-06,,,,,
CCAPR,2026-08-06,,,,,
CCBNK,2026-08-06,,,,,
CCBOE,2026-08-06,,,,,
CCDZI,2026-08-06,,,,,
CCOUR,2026-08-06,,,,,
CCTNM,2026-08-06,,,,,
DDNA,2026-08-06,,,,,
EEPRX,2026-08-06,,,,,
GGEN,2026-08-06,,,,,
HHBNB,2026-08-06,,,,,
HHKD,2026-08-06,,,,,
IIBRX,2026-08-06,,,,,
IIDT,2026-08-06,,,,,
IITUB,2026-08-06,,,,,
IIVA,2026-08-06,,,,,
MMNKD,2026-08-06,,,,,
OOPTX,2026-08-06,,,,,
PPACB,2026-08-06,,,,,
PPGEN,2026-08-06,,,,,
RROG,2026-08-06,,,,,
SSGMT,2026-08-06,,,,,
SSPTX,2026-08-06,,,,,
UUTHR,2026-08-06,,,,,
XXRPN,2026-08-06,,,,,
AAPL,2026-08-06,314.06913775686996,316.0174696892129,308.96355554648414,312.14080810546875,46139900.0
AMAT,2026-08-06,524.7788970700265,538.9237455671174,510.5041215818653,526.9165649414062,4173200.0
FSMD,2026-08-06,52.03736474877095,52.34124015118377,51.58902367958581,51.70858383178711,91600.0
AAAPG,2026-08-07,,,,,
AAHG,2026-08-07,,,,,
AAZUL,2026-08-07,,,,,
CCAPR,2026-08-07,,,,,
CCBNK,2026-08-07,,,,,
CCBOE,2026-08-07,,,,,
CCDZI,2026-08-07,,,,,
CCOUR,2026-08-07,,,,,
CCTNM,2026-08-07,,,,,
DDNA,2026-08-07,,,,,
EEPRX,2026-08-07,,,,,
GGEN,2026-08-07,,,,,
HHBNB,2026-08-07,,,,,
HHKD,2026-08-07,,,,,
IIBRX,2026-08-07,,,,,
IIDT,2026-08-07,,,,,
IITUB,2026-08-07,,,,,
IIVA,2026-08-07,,,,,
MMNKD,2026-08-07,,,,,
OOPTX,2026-08-07,,,,,
PPACB,2026-08-07,,,,,
PPGEN,2026-08-07,,,,,
RROG,2026-08-07,,,,,
SSGMT,2026-08-07,,,,,
SSPTX,2026-08-07,,,,,
UUTHR,2026-08-07,,,,,
XXRPN,2026-08-07,,,,,
AAPL,2026-08-07,311.1816431226555,314.53873325457766,310.47223295908327,313.05999755859375,34437200.0
AMAT,2026-08-07,539.0136794888218,545.3568725333388,527.4360321828723,538.5641479492188,4555000.0
FSMD,2026-08-07,52.19677480025529,52.25655487671767,51.88792057343612,52.18681335449219,81800.0
AAAPG,2026-08-10,,,,,
AAHG,2026-08-10,,,,,
AAZUL,2026-08-10,,,,,
CCAPR,2026-08-10,,,,,
CCBNK,2026-08-10,,,,,
CCBOE,2026-08-10,,,,,
CCDZI,2026-08-10,,,,,
CCOUR,2026-08-10,,,,,
CCTNM,2026-08-10,,,,,
DDNA,2026-08-10,,,,,
EEPRX,2026-08-10,,,,,
GGEN,2026-08-10,,,,,
HHBNB,2026-08-10,,,,,
HHKD,2026-08-10,,,,,
IIBRX,2026-08-10,,,,,
IIDT,2026-08-10,,,,,
IITUB,2026-08-10,,,,,
IIVA,2026-08-10,,,,,
MMNKD,2026-08-10,,,,,
OOPTX,2026-08-10,,,,,
PPACB,2026-08-10,,,,,
PPGEN,2026-08-10,,,,,
RROG,2026-08-10,,,,,
SSGMT,2026-08-10,,,,,
SSPTX,2026-08-10,,,,,
UUTHR,2026-08-10,,,,,
XXRPN,2026-08-10,,,,,
AAPL,2026-08-10,306.8299865722656,308.260009765625,304.6099853515625,308.260009765625,44812500.0
AMAT,2026-08-10,554.4071376484701,554.72680313432,521.0128555746157,521.562255859375,7019400.0
FSMD,2026-08-10,52.117069051392654,52.117069051392654,51.76835765824393,51.84806442260742,97200.0
AAAPG,2026-08-11,,,,,
AAHG,2026-08-11,,,,,
AAZUL,2026-08-11,,,,,
CCAPR,2026-08-11,,,,,
CCBNK,2026-08-11,,,,,
CCBOE,2026-08-11,,,,,
CCDZI,2026-08-11,,,,,
CCOUR,2026-08-11,,,,,
CCTNM,2026-08-11,,,,,
DDNA,2026-08-11,,,,,
EEPRX,2026-08-11,,,,,
GGEN,2026-08-11,,,,,
HHBNB,2026-08-11,,,,,
HHKD,2026-08-11,,,,,
IIBRX,2026-08-11,,,,,
IIDT,2026-08-11,,,,,
IITUB,2026-08-11,,,,,
IIVA,2026-08-11,,,,,
MMNKD,2026-08-11,,,,,
OOPTX,2026-08-11,,,,,
PPACB,2026-08-11,,,,,
PPGEN,2026-08-11,,,,,
RROG,2026-08-11,,,,,
SSGMT,2026-08-11,,,,,
SSPTX,2026-08-11,,,,,
UUTHR,2026-08-11,,,,,
XXRPN,2026-08-11,,,,,
AAPL,2026-08-11,307.75,309.9700012207031,302.7900085449219,304.9100036621094,37476700.0
AMAT,2026-08-11,539.4131669516975,539.4131669516975,522.1016619778696,525.0485229492188,6973800.0
FSMD,2026-08-11,51.9775822948565,52.28046191890602,51.867991194627265,51.967620849609375,98000.0
AAAPG,2026-08-12,,,,,
AAHG,2026-08-12,,,,,
AAZUL,2026-08-12,,,,,
CCAPR,2026-08-12,,,,,
CCBNK,2026-08-12,,,,,
CCBOE,2026-08-12,,,,,
CCDZI,2026-08-12,,,,,
CCOUR,2026-08-12,,,,,
CCTNM,2026-08-12,,,,,
DDNA,2026-08-12,,,,,
EEPRX,2026-08-12,,,,,
GGEN,2026-08-12,,,,,
HHBNB,2026-08-12,,,,,
HHKD,2026-08-12,,,,,
IIBRX,2026-08-12,,,,,
IIDT,2026-08-12,,,,,
IITUB,2026-08-12,,,,,
IIVA,2026-08-12,,,,,
MMNKD,2026-08-12,,,,,
OOPTX,2026-08-12,,,,,
PPACB,2026-08-12,,,,,
PPGEN,2026-08-12,,,,,
RROG,2026-08-12,,,,,
SSGMT,2026-08-12,,,,,
SSPTX,2026-08-12,,,,,
UUTHR,2026-08-12,,,,,
XXRPN,2026-08-12,,,,,
AAPL,2026-08-12,305.1000061035156,305.6600036621094,300.57000732421875,302.25,41657800.0
AMAT,2026-08-12,547.4146499957131,553.1585080932958,544.3179856702181,547.5645141601562,7495000.0
FSMD,2026-08-12,52.39603678443348,52.54548507203318,52.0821999412275,52.40599822998047,118000.0
AAAPG,2026-08-13,,,,,
AAHG,2026-08-13,,,,,
AAZUL,2026-08-13,,,,,
CCAPR,2026-08-13,,,,,
CCBNK,2026-08-13,,,,,
CCBOE,2026-08-13,,,,,
CCDZI,2026-08-13,,,,,
CCOUR,2026-08-13,,,,,
CCTNM,2026-08-13,,,,,
DDNA,2026-08-13,,,,,
EEPRX,2026-08-13,,,,,
GGEN,2026-08-13,,,,,
HHBNB,2026-08-13,,,,,
HHKD,2026-08-13,,,,,
IIBRX,2026-08-13,,,,,
IIDT,2026-08-13,,,,,
IITUB,2026-08-13,,,,,
IIVA,2026-08-13,,,,,
MMNKD,2026-08-13,,,,,
OOPTX,2026-08-13,,,,,
PPACB,2026-08-13,,,,,
PPGEN,2026-08-13,,,,,
RROG,2026-08-13,,,,,
SSGMT,2026-08-13,,,,,
SSPTX,2026-08-13,,,,,
UUTHR,2026-08-13,,,,,
XXRPN,2026-08-13,,,,,
AAPL,2026-08-13,304.2099914550781,306.0,302.04998779296875,305.260009765625,40349300.0
AMAT,2026-08-13,548.2237707498291,563.1578136815444,531.2219316303414,533.968994140625,12963300.0
FSMD,2026-08-13,52.56540937183598,52.694930971184945,52.41596488085913,52.605262756347656,114400.0
AAAPG,2026-08-14,,,,,
AAHG,2026-08-14,,,,,
AAZUL,2026-08-14,,,,,
CCAPR,2026-08-14,,,,,
CCBNK,2026-08-14,,,,,
CCBOE,2026-08-14,,,,,
CCDZI,2026-08-14,,,,,
CCOUR,2026-08-14,,,,,
CCTNM,2026-08-14,,,,,
DDNA,2026-08-14,,,,,
EEPRX,2026-08-14,,,,,
GGEN,2026-08-14,,,,,
HHBNB,2026-08-14,,,,,
HHKD,2026-08-14,,,,,
IIBRX,2026-08-14,,,,,
IIDT,2026-08-14,,,,,
IITUB,2026-08-14,,,,,
IIVA,2026-08-14,,,,,
MMNKD,2026-08-14,,,,,
OOPTX,2026-08-14,,,,,
PPACB,2026-08-14,,,,,
PPGEN,2026-08-14,,,,,
RROG,2026-08-14,,,,,
SSGMT,2026-08-14,,,,,
SSPTX,2026-08-14,,,,,
UUTHR,2026-08-14,,,,,
XXRPN,2026-08-14,,,,,
AAPL,2026-08-14,306.0,307.489990234375,304.29998779296875,305.92999267578125,28229400.0
AMAT,2026-08-14,498.86655611264075,522.441353695715,496.56902506858296,506.63824462890625,13132300.0
FSMD,2026-08-14,52.73478207438823,53.00378670726294,52.58533378924857,52.98386001586914,104600.0
AAAPG,2026-08-17,,,,,
AAHG,2026-08-17,,,,,
AAZUL,2026-08-17,,,,,
CCAPR,2026-08-17,,,,,
CCBNK,2026-08-17,,,,,
CCBOE,2026-08-17,,,,,
CCDZI,2026-08-17,,,,,
CCOUR,2026-08-17,,,,,
CCTNM,2026-08-17,,,,,
DDNA,2026-08-17,,,,,
EEPRX,2026-08-17,,,,,
GGEN,2026-08-17,,,,,
HHBNB,2026-08-17,,,,,
HHKD,2026-08-17,,,,,
IIBRX,2026-08-17,,,,,
IIDT,2026-08-17,,,,,
IITUB,2026-08-17,,,,,
IIVA,2026-08-17,,,,,
MMNKD,2026-08-17,,,,,
OOPTX,2026-08-17,,,,,
PPACB,2026-08-17,,,,,
PPGEN,2026-08-17,,,,,
RROG,2026-08-17,,,,,
SSGMT,2026-08-17,,,,,
SSPTX,2026-08-17,,,,,
UUTHR,2026-08-17,,,,,
XXRPN,2026-08-17,,,,,
AAPL,2026-08-17,306.2099914550781,307.6600036621094,302.94000244140625,305.5899963378906,38169300.0
AMAT,2026-08-17,517.4467118764579,539.233413657786,514.5697831953779,534.7382202148438,9624100.0
FSMD,2026-08-17,52.944006758497395,53.282752911738974,52.944006758497395,53.1631965637207,87800.0
AAAPG,2026-08-18,,,,,
AAHG,2026-08-18,,,,,
AAZUL,2026-08-18,,,,,
CCAPR,2026-08-18,,,,,
CCBNK,2026-08-18,,,,,
CCBOE,2026-08-18,,,,,
CCDZI,2026-08-18,,,,,
CCOUR,2026-08-18,,,,,
CCTNM,2026-08-18,,,,,
DDNA,2026-08-18,,,,,
EEPRX,2026-08-18,,,,,
GGEN,2026-08-18,,,,,
HHBNB,2026-08-18,,,,,
HHKD,2026-08-18,,,,,
IIBRX,2026-08-18,,,,,
IIDT,2026-08-18,,,,,
IITUB,2026-08-18,,,,,
IIVA,2026-08-18,,,,,
MMNKD,2026-08-18,,,,,
OOPTX,2026-08-18,,,,,
PPACB,2026-08-18,,,,,
PPGEN,2026-08-18,,,,,
RROG,2026-08-18,,,,,
SSGMT,2026-08-18,,,,,
SSPTX,2026-08-18,,,,,
UUTHR,2026-08-18,,,,,
XXRPN,2026-08-18,,,,,
AAPL,2026-08-18,307.5799865722656,311.489990234375,305.739990234375,310.0299987792969,53424500.0
AMAT,2026-08-18,506.82805196687144,516.2779692936889,497.1983647069724,513.7806396484375,8611900.0
FSMD,2026-08-18,52.804525608758446,52.81448705452156,52.18681335449219,52.18681335449219,100700.0
AAAPG,2026-08-19,,,,,
AAHG,2026-08-19,,,,,
AAZUL,2026-08-19,,,,,
CCAPR,2026-08-19,,,,,
CCBNK,2026-08-19,,,,,
CCBOE,2026-08-19,,,,,
CCDZI,2026-08-19,,,,,
CCOUR,2026-08-19,,,,,
CCTNM,2026-08-19,,,,,
DDNA,2026-08-19,,,,,
EEPRX,2026-08-19,,,,,
GGEN,2026-08-19,,,,,
HHBNB,2026-08-19,,,,,
HHKD,2026-08-19,,,,,
IIBRX,2026-08-19,,,,,
IIDT,2026-08-19,,,,,
IITUB,2026-08-19,,,,,
IIVA,2026-08-19,,,,,
MMNKD,2026-08-19,,,,,
OOPTX,2026-08-19,,,,,
PPACB,2026-08-19,,,,,
PPGEN,2026-08-19,,,,,
RROG,2026-08-19,,,,,
SSGMT,2026-08-19,,,,,
SSPTX,2026-08-19,,,,,
UUTHR,2026-08-19,,,,,
XXRPN,2026-08-19,,,,,
AAPL,2026-08-19,310.1400146484375,319.2799987792969,309.6000061035156,316.8299865722656,50505600.0
AMAT,2026-08-19,507.86693037265013,512.9314915325449,488.0281285710319,495.6400146484375,6571200.0
FSMD,2026-08-19,52.6949305518571,52.6949305518571,51.89788187110603,51.97758483886719,155800.0
AAAPG,2026-08-20,,,,,
AAHG,2026-08-20,,,,,
AAZUL,2026-08-20,,,,,
CCAPR,2026-08-20,,,,,
CCBNK,2026-08-20,,,,,
CCBOE,2026-08-20,,,,,
CCDZI,2026-08-20,,,,,
CCOUR,2026-08-20,,,,,
CCTNM,2026-08-20,,,,,
DDNA,2026-08-20,,,,,
EEPRX,2026-08-20,,,,,
GGEN,2026-08-20,,,,,
HHBNB,2026-08-20,,,,,
HHKD,2026-08-20,,,,,
IIBRX,2026-08-20,,,,,
IIDT,2026-08-20,,,,,
IITUB,2026-08-20,,,,,
IIVA,2026-08-20,,,,,
MMNKD,2026-08-20,,,,,
OOPTX,2026-08-20,,,,,
PPACB,2026-08-20,,,,,
PPGEN,2026-08-20,,,,,
RROG,2026-08-20,,,,,
SSGMT,2026-08-20,,,,,
SSPTX,2026-08-20,,,,,
UUTHR,2026-08-20,,,,,
XXRPN,2026-08-20,,,,,
AAPL,2026-08-20,317.4599914550781,320.2799987792969,310.6499938964844,311.29998779296875,40959200.0
AMAT,2026-08-20,489.5799865722656,499.8900146484375,487.4700012207031,496.2099914550781,6604500.0
FSMD,2026-08-20,51.61891299973151,51.95765914586416,51.518283780160395,51.60894775390625,76700.0
AAAPG,2026-08-21,,,,,
AAHG,2026-08-21,,,,,
AAZUL,2026-08-21,,,,,
CCAPR,2026-08-21,,,,,
CCBNK,2026-08-21,,,,,
CCBOE,2026-08-21,,,,,
CCDZI,2026-08-21,,,,,
CCOUR,2026-08-21,,,,,
CCTNM,2026-08-21,,,,,
DDNA,2026-08-21,,,,,
EEPRX,2026-08-21,,,,,
GGEN,2026-08-21,,,,,
HHBNB,2026-08-21,,,,,
HHKD,2026-08-21,,,,,
IIBRX,2026-08-21,,,,,
IIDT,2026-08-21,,,,,
IITUB,2026-08-21,,,,,
IIVA,2026-08-21,,,,,
MMNKD,2026-08-21,,,,,
OOPTX,2026-08-21,,,,,
PPACB,2026-08-21,,,,,
PPGEN,2026-08-21,,,,,
RROG,2026-08-21,,,,,
SSGMT,2026-08-21,,,,,
SSPTX,2026-08-21,,,,,
UUTHR,2026-08-21,,,,,
XXRPN,2026-08-21,,,,,
AAPL,2026-08-21,312.04998779296875,312.3800048828125,307.010009765625,309.3500061035156,46876800.0
AMAT,2026-08-21,503.0,503.5,483.1300048828125,492.32000732421875,5526800.0
FSMD,2026-08-21,51.87795381649744,52.09714362318269,51.50931952394953,51.83810043334961,75800.0
AAAPG,2026-08-24,,,,,
AAHG,2026-08-24,,,,,
AAZUL,2026-08-24,,,,,
CCAPR,2026-08-24,,,,,
CCBNK,2026-08-24,,,,,
CCBOE,2026-08-24,,,,,
CCDZI,2026-08-24,,,,,
CCOUR,2026-08-24,,,,,
CCTNM,2026-08-24,,,,,
DDNA,2026-08-24,,,,,
EEPRX,2026-08-24,,,,,
GGEN,2026-08-24,,,,,
HHBNB,2026-08-24,,,,,
HHKD,2026-08-24,,,,,
IIBRX,2026-08-24,,,,,
IIDT,2026-08-24,,,,,
IITUB,2026-08-24,,,,,
IIVA,2026-08-24,,,,,
MMNKD,2026-08-24,,,,,
OOPTX,2026-08-24,,,,,
PPACB,2026-08-24,,,,,
PPGEN,2026-08-24,,,,,
RROG,2026-08-24,,,,,
SSGMT,2026-08-24,,,,,
SSPTX,2026-08-24,,,,,
UUTHR,2026-08-24,,,,,
XXRPN,2026-08-24,,,,,
AAPL,2026-08-24,311.4700012207031,313.3599853515625,309.9700012207031,310.3399963378906,34673600.0
AMAT,2026-08-24,481.8800048828125,489.739990234375,473.6700134277344,484.19000244140625,9264700.0
FSMD,2026-08-24,51.73847314011094,51.9128269485644,51.40968841506042,51.54917526245117,87900.0
AAAPG,2026-08-25,,,,,
AAHG,2026-08-25,,,,,
AAZUL,2026-08-25,,,,,
CCAPR,2026-08-25,,,,,
CCBNK,2026-08-25,,,,,
CCBOE,2026-08-25,,,,,
CCDZI,2026-08-25,,,,,
CCOUR,2026-08-25,,,,,
CCTNM,2026-08-25,,,,,
DDNA,2026-08-25,,,,,
EEPRX,2026-08-25,,,,,
GGEN,2026-08-25,,,,,
HHBNB,2026-08-25,,,,,
HHKD,2026-08-25,,,,,
IIBRX,2026-08-25,,,,,
IIDT,2026-08-25,,,,,
IITUB,2026-08-25,,,,,
IIVA,2026-08-25,,,,,
MMNKD,2026-08-25,,,,,
OOPTX,2026-08-25,,,,,
PPACB,2026-08-25,,,,,
PPGEN,2026-08-25,,,,,
RROG,2026-08-25,,,,,
SSGMT,2026-08-25,,,,,
SSPTX,2026-08-25,,,,,
UUTHR,2026-08-25,,,,,
XXRPN,2026-08-25,,,,,
AAPL,2026-08-25,310.7900085449219,313.5899963378906,308.2099914550781,309.8999938964844,25869800.0
AMAT,2026-08-25,490.05999755859375,492.29998779296875,475.8800048828125,480.0400085449219,5185200.0
FSMD,2026-08-25,51.73847049368081,51.85404378392751,51.280167991865945,51.41965103149414,77400.0
AAAPG,2026-08-26,,,,,
AAHG,2026-08-26,,,,,
AAZUL,2026-08-26,,,,,
CCAPR,2026-08-26,,,,,
CCBNK,2026-08-26,,,,,
CCBOE,2026-08-26,,,,,
CCDZI,2026-08-26,,,,,
CCOUR,2026-08-26,,,,,
CCTNM,2026-08-26,,,,,
DDNA,2026-08-26,,,,,
EEPRX,2026-08-26,,,,,
GGEN,2026-08-26,,,,,
HHBNB,2026-08-26,,,,,
HHKD,2026-08-26,,,,,
IIBRX,2026-08-26,,,,,
IIDT,2026-08-26,,,,,
IITUB,2026-08-26,,,,,
IIVA,2026-08-26,,,,,
MMNKD,2026-08-26,,,,,
OOPTX,2026-08-26,,,,,
PPACB,2026-08-26,,,,,
PPGEN,2026-08-26,,,,,
RROG,2026-08-26,,,,,
SSGMT,2026-08-26,,,,,
SSPTX,2026-08-26,,,,,
UUTHR,2026-08-26,,,,,
XXRPN,2026-08-26,,,,,
AAPL,2026-08-26,310.29998779296875,315.42999267578125,308.79998779296875,313.45001220703125,34024500.0
AMAT,2026-08-26,479.739990234375,480.6700134277344,472.3999938964844,479.760009765625,5193000.0
FSMD,2026-08-26,51.43957919027602,51.79825204562413,51.43957919027602,51.70858383178711,91600.0
AAAPG,2026-08-27,,,,,
AAHG,2026-08-27,,,,,
AAZUL,2026-08-27,,,,,
CCAPR,2026-08-27,,,,,
CCBNK,2026-08-27,,,,,
CCBOE,2026-08-27,,,,,
CCDZI,2026-08-27,,,,,
CCOUR,2026-08-27,,,,,
CCTNM,2026-08-27,,,,,
DDNA,2026-08-27,,,,,
EEPRX,2026-08-27,,,,,
GGEN,2026-08-27,,,,,
HHBNB,2026-08-27,,,,,
HHKD,2026-08-27,,,,,
IIBRX,2026-08-27,,,,,
IIDT,2026-08-27,,,,,
IITUB,2026-08-27,,,,,
IIVA,2026-08-27,,,,,
MMNKD,2026-08-27,,,,,
OOPTX,2026-08-27,,,,,
PPACB,2026-08-27,,,,,
PPGEN,2026-08-27,,,,,
RROG,2026-08-27,,,,,
SSGMT,2026-08-27,,,,,
SSPTX,2026-08-27,,,,,
UUTHR,2026-08-27,,,,,
XXRPN,2026-08-27,,,,,
AAPL,2026-08-27,310.54998779296875,315.3999938964844,309.3999938964844,314.5799865722656,32419200.0
AMAT,2026-08-27,481.5,484.9800109863281,471.0,482.3599853515625,6285600.0
FSMD,2026-08-27,51.72850540552502,51.90784182863088,51.335961364409734,51.65876388549805,101200.0
AAAPG,2026-08-28,,,,,
AAHG,2026-08-28,,,,,
AAZUL,2026-08-28,,,,,
CCAPR,2026-08-28,,,,,
CCBNK,2026-08-28,,,,,
CCBOE,2026-08-28,,,,,
CCDZI,2026-08-28,,,,,
CCOUR,2026-08-28,,,,,
CCTNM,2026-08-28,,,,,
DDNA,2026-08-28,,,,,
EEPRX,2026-08-28,,,,,
GGEN,2026-08-28,,,,,
HHBNB,2026-08-28,,,,,
HHKD,2026-08-28,,,,,
IIBRX,2026-08-28,,,,,
IIDT,2026-08-28,,,,,
IITUB,2026-08-28,,,,,
IIVA,2026-08-28,,,,,
MMNKD,2026-08-28,,,,,
OOPTX,2026-08-28,,,,,
PPACB,2026-08-28,,,,,
PPGEN,2026-08-28,,,,,
RROG,2026-08-28,,,,,
SSGMT,2026-08-28,,,,,
SSPTX,2026-08-28,,,,,
UUTHR,2026-08-28,,,,,
XXRPN,2026-08-28,,,,,
AAPL,2026-08-28,316.8500061035156,322.3699951171875,315.45001220703125,319.70001220703125,38649400.0
AMAT,2026-08-28,476.260009765625,477.9700012207031,460.510009765625,461.6700134277344,6524800.0
FSMD,2026-08-28,51.62887665426331,51.773342319890084,51.00119916238126,51.11079406738281,86400.0
AAAPG,2026-08-31,,,,,
AAHG,2026-08-31,,,,,
AAZUL,2026-08-31,,,,,
CCAPR,2026-08-31,,,,,
CCBNK,2026-08-31,,,,,
CCBOE,2026-08-31,,,,,
CCDZI,2026-08-31,,,,,
CCOUR,2026-08-31,,,,,
CCTNM,2026-08-31,,,,,
DDNA,2026-08-31,,,,,
EEPRX,2026-08-31,,,,,
GGEN,2026-08-31,,,,,
HHBNB,2026-08-31,,,,,
HHKD,2026-08-31,,,,,
IIBRX,2026-08-31,,,,,
IIDT,2026-08-31,,,,,
IITUB,2026-08-31,,,,,
IIVA,2026-08-31,,,,,
MMNKD,2026-08-31,,,,,
OOPTX,2026-08-31,,,,,
PPACB,2026-08-31,,,,,
PPGEN,2026-08-31,,,,,
RROG,2026-08-31,,,,,
SSGMT,2026-08-31,,,,,
SSPTX,2026-08-31,,,,,
UUTHR,2026-08-31,,,,,
XXRPN,2026-08-31,,,,,
AAPL,2026-08-31,319.6000061035156,321.239990234375,312.79998779296875,316.8500061035156,41242700.0
AMAT,2026-08-31,462.4100036621094,465.8999938964844,453.9100036621094,458.3900146484375,6174000.0
FSMD,2026-08-31,50.99123751808257,51.100832422657106,50.63256466697602,50.8119010925293,152700.0
AAAPG,2026-09-01,,,,,
AAHG,2026-09-01,,,,,
AAZUL,2026-09-01,,,,,
CCAPR,2026-09-01,,,,,
CCBNK,2026-09-01,,,,,
CCBOE,2026-09-01,,,,,
CCDZI,2026-09-01,,,,,
CCOUR,2026-09-01,,,,,
CCTNM,2026-09-01,,,,,
DDNA,2026-09-01,,,,,
EEPRX,2026-09-01,,,,,
GGEN,2026-09-01,,,,,
HHBNB,2026-09-01,,,,,
HHKD,2026-09-01,,,,,
IIBRX,2026-09-01,,,,,
IIDT,2026-09-01,,,,,
IITUB,2026-09-01,,,,,
IIVA,2026-09-01,,,,,
MMNKD,2026-09-01,,,,,
OOPTX,2026-09-01,,,,,
PPACB,2026-09-01,,,,,
PPGEN,2026-09-01,,,,,
RROG,2026-09-01,,,,,
SSGMT,2026-09-01,,,,,
SSPTX,2026-09-01,,,,,
UUTHR,2026-09-01,,,,,
XXRPN,2026-09-01,,,,,
AAPL,2026-09-01,316.9800109863281,327.29998779296875,314.7300109863281,325.1300048828125,53167400.0
AMAT,2026-09-01,450.7200012207031,451.45001220703125,438.8299865722656,441.8500061035156,7142500.0
FSMD,2026-09-01,50.67241778899624,50.752120755148574,50.30378349420759,50.42333984375,108600.0
AAAPG,2026-09-02,,,,,
AAHG,2026-09-02,,,,,
AAZUL,2026-09-02,,,,,
CCAPR,2026-09-02,,,,,
CCBNK,2026-09-02,,,,,
CCBOE,2026-09-02,,,,,
CCDZI,2026-09-02,,,,,
CCOUR,2026-09-02,,,,,
CCTNM,2026-09-02,,,,,
DDNA,2026-09-02,,,,,
EEPRX,2026-09-02,,,,,
GGEN,2026-09-02,,,,,
HHBNB,2026-09-02,,,,,
HHKD,2026-09-02,,,,,
IIBRX,2026-09-02,,,,,
IIDT,2026-09-02,,,,,
IITUB,2026-09-02,,,,,
IIVA,2026-09-02,,,,,
MMNKD,2026-09-02,,,,,
OOPTX,2026-09-02,,,,,
PPACB,2026-09-02,,,,,
PPGEN,2026-09-02,,,,,
RROG,2026-09-02,,,,,
SSGMT,2026-09-02,,,,,
SSPTX,2026-09-02,,,,,
UUTHR,2026-09-02,,,,,
XXRPN,2026-09-02,,,,,
AAPL,2026-09-02,326.8699951171875,328.3999938964844,323.5299987792969,324.9599914550781,33776400.0
AMAT,2026-09-02,443.5,443.5,433.57000732421875,438.4599914550781,6518400.0
FSMD,2026-09-02,50.423338873235345,50.95138289079304,50.423338873235345,50.85175323486328,109900.0
AAAPG,2026-09-03,,,,,
AAHG,2026-09-03,,,,,
AAZUL,2026-09-03,,,,,
CCAPR,2026-09-03,,,,,
CCBNK,2026-09-03,,,,,
CCBOE,2026-09-03,,,,,
CCDZI,2026-09-03,,,,,
CCOUR,2026-09-03,,,,,
CCTNM,2026-09-03,,,,,
DDNA,2026-09-03,,,,,
EEPRX,2026-09-03,,,,,
GGEN,2026-09-03,,,,,
HHBNB,2026-09-03,,,,,
HHKD,2026-09-03,,,,,
IIBRX,2026-09-03,,,,,
IIDT,2026-09-03,,,,,
IITUB,2026-09-03,,,,,
IIVA,2026-09-03,,,,,
MMNKD,2026-09-03,,,,,
OOPTX,2026-09-03,,,,,
PPACB,2026-09-03,,,,,
PPGEN,2026-09-03,,,,,
RROG,2026-09-03,,,,,
SSGMT,2026-09-03,,,,,
SSPTX,2026-09-03,,,,,
UUTHR,2026-09-03,,,,,
XXRPN,2026-09-03,,,,,
AAPL,2026-09-03,324.8699951171875,330.80999755859375,324.1099853515625,328.2099914550781,37225800.0
AMAT,2026-09-03,432.4200134277344,437.1400146484375,426.1300048828125,435.9100036621094,5999200.0
FSMD,2026-09-03,51.04105259124087,51.20046232575822,50.78201319788562,51.17057418823242,106300.0
AAAPG,2026-09-04,,,,,
AAHG,2026-09-04,,,,,
AAZUL,2026-09-04,,,,,
CCAPR,2026-09-04,,,,,
CCBNK,2026-09-04,,,,,
CCBOE,2026-09-04,,,,,
CCDZI,2026-09-04,,,,,
CCOUR,2026-09-04,,,,,
CCTNM,2026-09-04,,,,,
DDNA,2026-09-04,,,,,
EEPRX,2026-09-04,,,,,
GGEN,2026-09-04,,,,,
HHBNB,2026-09-04,,,,,
HHKD,2026-09-04,,,,,
IIBRX,2026-09-04,,,,,
IIDT,2026-09-04,,,,,
IITUB,2026-09-04,,,,,
IIVA,2026-09-04,,,,,
MMNKD,2026-09-04,,,,,
OOPTX,2026-09-04,,,,,
PPACB,2026-09-04,,,,,
PPGEN,2026-09-04,,,,,
RROG,2026-09-04,,,,,
SSGMT,2026-09-04,,,,,
SSPTX,2026-09-04,,,,,
UUTHR,2026-09-04,,,,,
XXRPN,2026-09-04,,,,,
AAPL,2026-09-04,328.30999755859375,328.92999267578125,317.8599853515625,319.9700012207031,39606900.0
AMAT,2026-09-04,452.5,460.20001220703125,443.3599853515625,454.7099914550781,6009400.0
FSMD,2026-09-04,51.19050095624832,51.372824676431385,50.762086581478144,51.290130615234375,194600.0
AAAPG,2026-09-08,,,,,
AAHG,2026-09-08,,,,,
AAZUL,2026-09-08,,,,,
CCAPR,2026-09-08,,,,,
CCBNK,2026-09-08,,,,,
CCBOE,2026-09-08,,,,,
CCDZI,2026-09-08,,,,,
CCOUR,2026-09-08,,,,,
CCTNM,2026-09-08,,,,,
DDNA,2026-09-08,,,,,
EEPRX,2026-09-08,,,,,
GGEN,2026-09-08,,,,,
HHBNB,2026-09-08,,,,,
HHKD,2026-09-08,,,,,
IIBRX,2026-09-08,,,,,
IIDT,2026-09-08,,,,,
IITUB,2026-09-08,,,,,
IIVA,2026-09-08,,,,,
MMNKD,2026-09-08,,,,,
OOPTX,2026-09-08,,,,,
PPACB,2026-09-08,,,,,
PPGEN,2026-09-08,,,,,
RROG,2026-09-08,,,,,
SSGMT,2026-09-08,,,,,
SSPTX,2026-09-08,,,,,
UUTHR,2026-09-08,,,,,
XXRPN,2026-09-08,,,,,
AAPL,2026-09-08,317.1000061035156,320.70001220703125,314.8999938964844,316.2200012207031,35477100.0
AMAT,2026-09-08,464.0199890136719,472.8900146484375,458.1499938964844,472.7900085449219,6304600.0
FSMD,2026-09-08,51.210426157349694,51.41965071550624,50.96134821650777,50.971309661865234,89800.0
AAAPG,2026-09-09,,,,,
AAHG,2026-09-09,,,,,
AAZUL,2026-09-09,,,,,
CCAPR,2026-09-09,,,,,
CCBNK,2026-09-09,,,,,
CCBOE,2026-09-09,,,,,
CCDZI,2026-09-09,,,,,
CCOUR,2026-09-09,,,,,
CCTNM,2026-09-09,,,,,
DDNA,2026-09-09,,,,,
EEPRX,2026-09-09,,,,,
GGEN,2026-09-09,,,,,
HHBNB,2026-09-09,,,,,
HHKD,2026-09-09,,,,,
IIBRX,2026-09-09,,,,,
IIDT,2026-09-09,,,,,
IITUB,2026-09-09,,,,,
IIVA,2026-09-09,,,,,
MMNKD,2026-09-09,,,,,
OOPTX,2026-09-09,,,,,
PPACB,2026-09-09,,,,,
PPGEN,2026-09-09,,,,,
RROG,2026-09-09,,,,,
SSGMT,2026-09-09,,,,,
SSPTX,2026-09-09,,,,,
UUTHR,2026-09-09,,,,,
XXRPN,2026-09-09,,,,,
AAPL,2026-09-09,315.489990234375,319.1499938964844,309.8999938964844,315.3399963378906,65640000.0
AMAT,2026-09-09,466.6600036621094,474.0400085449219,463.7799987792969,468.8500061035156,3936600.0
FSMD,2026-09-09,50.80193816866138,50.80193816866138,50.44426109245858,50.52296829223633,97000.0
AAAPG,2026-09-10,,,,,
AAHG,2026-09-10,,,,,
AAZUL,2026-09-10,,,,,
CCAPR,2026-09-10,,,,,
CCBNK,2026-09-10,,,,,
CCBOE,2026-09-10,,,,,
CCDZI,2026-09-10,,,,,
CCOUR,2026-09-10,,,,,
CCTNM,2026-09-10,,,,,
DDNA,2026-09-10,,,,,
EEPRX,2026-09-10,,,,,
GGEN,2026-09-10,,,,,
HHBNB,2026-09-10,,,,,
HHKD,2026-09-10,,,,,
IIBRX,2026-09-10,,,,,
IIDT,2026-09-10,,,,,
IITUB,2026-09-10,,,,,
IIVA,2026-09-10,,,,,
MMNKD,2026-09-10,,,,,
OOPTX,2026-09-10,,,,,
PPACB,2026-09-10,,,,,
PPGEN,2026-09-10,,,,,
RROG,2026-09-10,,,,,
SSGMT,2026-09-10,,,,,
SSPTX,2026-09-10,,,,,
UUTHR,2026-09-10,,,,,
XXRPN,2026-09-10,,,,,
AAPL,2026-09-10,316.6700134277344,326.739990234375,316.510009765625,326.57000732421875,70011900.0
AMAT,2026-09-10,455.3999938964844,460.8599853515625,450.55999755859375,454.010009765625,4837400.0
FSMD,2026-09-10,50.184221935111616,50.35359690945032,50.074627034179706,50.22407531738281,153800.0
AAAPG,2026-09-11,,,,,
AAHG,2026-09-11,,,,,
AAZUL,2026-09-11,,,,,
CCAPR,2026-09-11,,,,,
CCBNK,2026-09-11,,,,,
CCBOE,2026-09-11,,,,,
CCDZI,2026-09-11,,,,,
CCOUR,2026-09-11,,,,,
CCTNM,2026-09-11,,,,,
DDNA,2026-09-11,,,,,
EEPRX,2026-09-11,,,,,
GGEN,2026-09-11,,,,,
HHBNB,2026-09-11,,,,,
HHKD,2026-09-11,,,,,
IIBRX,2026-09-11,,,,,
IIDT,2026-09-11,,,,,
IITUB,2026-09-11,,,,,
IIVA,2026-09-11,,,,,
MMNKD,2026-09-11,,,,,
OOPTX,2026-09-11,,,,,
PPACB,2026-09-11,,,,,
PPGEN,2026-09-11,,,,,
RROG,2026-09-11,,,,,
SSGMT,2026-09-11,,,,,
SSPTX,2026-09-11,,,,,
UUTHR,2026-09-11,,,,,
XXRPN,2026-09-11,,,,,
AAPL,2026-09-11,327.45001220703125,336.2200012207031,326.29998779296875,332.2699890136719,50716900.0
AMAT,2026-09-11,461.19000244140625,464.57000732421875,452.70001220703125,456.489990234375,4313100.0
FSMD,2026-09-11,50.811899677965954,50.811899677965954,50.363558626564235,50.61263656616211,213700.0
AAAPG,2026-09-14,,,,,
AAHG,2026-09-14,,,,,
AAZUL,2026-09-14,,,,,
CCAPR,2026-09-14,,,,,
CCBNK,2026-09-14,,,,,
CCBOE,2026-09-14,,,,,
CCDZI,2026-09-14,,,,,
CCOUR,2026-09-14,,,,,
CCTNM,2026-09-14,,,,,
DDNA,2026-09-14,,,,,
EEPRX,2026-09-14,,,,,
GGEN,2026-09-14,,,,,
HHBNB,2026-09-14,,,,,
HHKD,2026-09-14,,,,,
IIBRX,2026-09-14,,,,,
IIDT,2026-09-14,,,,,
IITUB,2026-09-14,,,,,
IIVA,2026-09-14,,,,,
MMNKD,2026-09-14,,,,,
OOPTX,2026-09-14,,,,,
PPACB,2026-09-14,,,,,
PPGEN,2026-09-14,,,,,
RROG,2026-09-14,,,,,
SSGMT,2026-09-14,,,,,
SSPTX,2026-09-14,,,,,
UUTHR,2026-09-14,,,,,
XXRPN,2026-09-14,,,,,
AAPL,2026-09-14,334.7900085449219,335.5,331.3399963378906,333.0799865722656,39269100.0
AMAT,2026-09-14,422.20001220703125,432.510009765625,419.6000061035156,424.2099914550781,8056600.0
FSMD,2026-09-14,50.25396478727325,50.522969423800305,50.16429657509756,50.30378341674805,259100.0
AAAPG,2026-09-15,,,,,
AAHG,2026-09-15,,,,,
AAZUL,2026-09-15,,,,,
CCAPR,2026-09-15,,,,,
CCBNK,2026-09-15,,,,,
CCBOE,2026-09-15,,,,,
CCDZI,2026-09-15,,,,,
CCOUR,2026-09-15,,,,,
CCTNM,2026-09-15,,,,,
DDNA,2026-09-15,,,,,
EEPRX,2026-09-15,,,,,
GGEN,2026-09-15,,,,,
HHBNB,2026-09-15,,,,,
HHKD,2026-09-15,,,,,
IIBRX,2026-09-15,,,,,
IIDT,2026-09-15,,,,,
IITUB,2026-09-15,,,,,
IIVA,2026-09-15,,,,,
MMNKD,2026-09-15,,,,,
OOPTX,2026-09-15,,,,,
PPACB,2026-09-15,,,,,
PPGEN,2026-09-15,,,,,
RROG,2026-09-15,,,,,
SSGMT,2026-09-15,,,,,
SSPTX,2026-09-15,,,,,
UUTHR,2026-09-15,,,,,
XXRPN,2026-09-15,,,,,
AAPL,2026-09-15,330.1400146484375,331.7799987792969,328.3500061035156,331.3399963378906,31748200.0
AMAT,2026-09-15,429.8500061035156,429.989990234375,416.760009765625,421.1700134277344,5630600.0
FSMD,2026-09-15,50.29381669028952,50.29381669028952,49.92518240691862,50.01485061645508,194300.0
AAAPG,2026-09-16,,,,,
AAHG,2026-09-16,,,,,
AAZUL,2026-09-16,,,,,
CCAPR,2026-09-16,,,,,
CCBNK,2026-09-16,,,,,
CCBOE,2026-09-16,,,,,
CCDZI,2026-09-16,,,,,
CCOUR,2026-09-16,,,,,
CCTNM,2026-09-16,,,,,
DDNA,2026-09-16,,,,,
EEPRX,2026-09-16,,,,,
GGEN,2026-09-16,,,,,
HHBNB,2026-09-16,,,,,
HHKD,2026-09-16,,,,,
IIBRX,2026-09-16,,,,,
IIDT,2026-09-16,,,,,
IITUB,2026-09-16,,,,,
IIVA,2026-09-16,,,,,
MMNKD,2026-09-16,,,,,
OOPTX,2026-09-16,,,,,
PPACB,2026-09-16,,,,,
PPGEN,2026-09-16,,,,,
RROG,2026-09-16,,,,,
SSGMT,2026-09-16,,,,,
SSPTX,2026-09-16,,,,,
UUTHR,2026-09-16,,,,,
XXRPN,2026-09-16,,,,,
AAPL,2026-09-16,332.5299987792969,335.4800109863281,330.70001220703125,332.4100036621094,35981000.0
AMAT,2026-09-16,429.7300109863281,430.739990234375,411.510009765625,415.3800048828125,5511000.0
FSMD,2026-09-16,50.13440815973535,50.413374240232784,49.45193322637236,49.915218353271484,163800.0
AAAPG,2026-09-17,,,,,
AAHG,2026-09-17,,,,,
AAZUL,2026-09-17,,,,,
CCAPR,2026-09-17,,,,,
CCBNK,2026-09-17,,,,,
CCBOE,2026-09-17,,,,,
CCDZI,2026-09-17,,,,,
CCOUR,2026-09-17,,,,,
CCTNM,2026-09-17,,,,,
DDNA,2026-09-17,,,,,
EEPRX,2026-09-17,,,,,
GGEN,2026-09-17,,,,,
HHBNB,2026-09-17,,,,,
HHKD,2026-09-17,,,,,
IIBRX,2026-09-17,,,,,
IIDT,2026-09-17,,,,,
IITUB,2026-09-17,,,,,
IIVA,2026-09-17,,,,,
MMNKD,2026-09-17,,,,,
OOPTX,2026-09-17,,,,,
PPACB,2026-09-17,,,,,
PPGEN,2026-09-17,,,,,
RROG,2026-09-17,,,,,
SSGMT,2026-09-17,,,,,
SSPTX,2026-09-17,,,,,
UUTHR,2026-09-17,,,,,
XXRPN,2026-09-17,,,,,
AAPL,2026-09-17,334.7699890136719,338.3399963378906,330.17999267578125,337.0,36700200.0
AMAT,2026-09-17,427.5799865722656,428.5400085449219,413.55999755859375,417.3999938964844,6929300.0
FSMD,2026-09-17,50.37352470430958,50.4532276699706,49.974998474121094,49.974998474121094,198800.0
AAAPG,2026-09-18,,,,,
AAHG,2026-09-18,,,,,
AAZUL,2026-09-18,,,,,
CCAPR,2026-09-18,,,,,
CCBNK,2026-09-18,,,,,
CCBOE,2026-09-18,,,,,
CCDZI,2026-09-18,,,,,
CCOUR,2026-09-18,,,,,
CCTNM,2026-09-18,,,,,
DDNA,2026-09-18,,,,,
EEPRX,2026-09-18,,,,,
GGEN,2026-09-18,,,,,
HHBNB,2026-09-18,,,,,
HHKD,2026-09-18,,,,,
IIBRX,2026-09-18,,,,,
IIDT,2026-09-18,,,,,
IITUB,2026-09-18,,,,,
IIVA,2026-09-18,,,,,
MMNKD,2026-09-18,,,,,
OOPTX,2026-09-18,,,,,
PPACB,2026-09-18,,,,,
PPGEN,2026-09-18,,,,,
RROG,2026-09-18,,,,,
SSGMT,2026-09-18,,,,,
SSPTX,2026-09-18,,,,,
UUTHR,2026-09-18,,,,,
XXRPN,2026-09-18,,,,,
AAPL,2026-09-18,337.9100036621094,338.489990234375,332.5299987792969,336.1300048828125,86588200.0
AMAT,2026-09-18,421.69000244140625,445.0,420.0,444.57000732421875,14302900.0
FSMD,2026-09-18,49.95000076293945,49.97800064086914,49.52000045776367,49.880001068115234,146700.0
AAAPG,2026-09-21,,,,,
AAHG,2026-09-21,,,,,
AAZUL,2026-09-21,,,,,
CCAPR,2026-09-21,,,,,
CCBNK,2026-09-21,,,,,
CCBOE,2026-09-21,,,,,
CCDZI,2026-09-21,,,,,
CCOUR,2026-09-21,,,,,
CCTNM,2026-09-21,,,,,
DDNA,2026-09-21,,,,,
EEPRX,2026-09-21,,,,,
GGEN,2026-09-21,,,,,
HHBNB,2026-09-21,,,,,
HHKD,2026-09-21,,,,,
IIBRX,2026-09-21,,,,,
IIDT,2026-09-21,,,,,
IITUB,2026-09-21,,,,,
IIVA,2026-09-21,,,,,
MMNKD,2026-09-21,,,,,
OOPTX,2026-09-21,,,,,
PPACB,2026-09-21,,,,,
PPGEN,2026-09-21,,,,,
RROG,2026-09-21,,,,,
SSGMT,2026-09-21,,,,,
SSPTX,2026-09-21,,,,,
UUTHR,2026-09-21,,,,,
XXRPN,2026-09-21,,,,,
AAPL,2026-09-21,335.2799987792969,339.6400146484375,333.04998779296875,338.9800109863281,34999200.0
AMAT,2026-09-21,455.95001220703125,468.510009765625,452.6600036621094,464.239990234375,9491100.0
FSMD,2026-09-21,50.13999938964844,50.13999938964844,49.845001220703125,49.9900016784668,322600.0
AAAPG,2026-09-22,,,,,
AAHG,2026-09-22,,,,,
AAZUL,2026-09-22,,,,,
CCAPR,2026-09-22,,,,,
CCBNK,2026-09-22,,,,,
CCBOE,2026-09-22,,,,,
CCDZI,2026-09-22,,,,,
CCOUR,2026-09-22,,,,,
CCTNM,2026-09-22,,,,,
DDNA,2026-09-22,,,,,
EEPRX,2026-09-22,,,,,
GGEN,2026-09-22,,,,,
HHBNB,2026-09-22,,,,,
HHKD,2026-09-22,,,,,
IIBRX,2026-09-22,,,,,
IIDT,2026-09-22,,,,,
IITUB,2026-09-22,,,,,
IIVA,2026-09-22,,,,,
MMNKD,2026-09-22,,,,,
OOPTX,2026-09-22,,,,,
PPACB,2026-09-22,,,,,
PPGEN,2026-09-22,,,,,
RROG,2026-09-22,,,,,
SSGMT,2026-09-22,,,,,
SSPTX,2026-09-22,,,,,
UUTHR,2026-09-22,,,,,
XXRPN,2026-09-22,,,,,
AAPL,2026-09-22,340.1400146484375,345.3399963378906,338.75,339.75,40711800.0
AMAT,2026-09-22,457.8999938964844,472.489990234375,453.3399963378906,472.4599914550781,5807700.0
FSMD,2026-09-22,50.18000030517578,50.43000030517578,49.8849983215332,50.08000183105469,208400.0
AAAPG,2026-09-23,,,,,
AAHG,2026-09-23,,,,,
AAZUL,2026-09-23,,,,,
CCAPR,2026-09-23,,,,,
CCBNK,2026-09-23,,,,,
CCBOE,2026-09-23,,,,,
CCDZI,2026-09-23,,,,,
CCOUR,2026-09-23,,,,,
CCTNM,2026-09-23,,,,,
DDNA,2026-09-23,,,,,
EEPRX,2026-09-23,,,,,
GGEN,2026-09-23,,,,,
HHBNB,2026-09-23,,,,,
HHKD,2026-09-23,,,,,
IIBRX,2026-09-23,,,,,
IIDT,2026-09-23,,,,,
IITUB,2026-09-23,,,,,
IIVA,2026-09-23,,,,,
MMNKD,2026-09-23,,,,,
OOPTX,2026-09-23,,,,,
PPACB,2026-09-23,,,,,
PPGEN,2026-09-23,,,,,
RROG,2026-09-23,,,,,
SSGMT,2026-09-23,,,,,
SSPTX,2026-09-23,,,,,
UUTHR,2026-09-23,,,,,
XXRPN,2026-09-23,,,,,
AAPL,2026-09-23,341.0799865722656,341.79998779296875,335.5,337.0199890136719,31658800.0
AMAT,2026-09-23,471.2300109863281,474.8999938964844,461.0,474.3800048828125,4585600.0
FSMD,2026-09-23,49.900001525878906,50.04199981689453,49.630001068115234,49.720001220703125,94400.0
AAAPG,2026-09-24,,,,,
AAHG,2026-09-24,,,,,
AAZUL,2026-09-24,,,,,
CCAPR,2026-09-24,,,,,
CCBNK,2026-09-24,,,,,
CCBOE,2026-09-24,,,,,
CCDZI,2026-09-24,,,,,
CCOUR,2026-09-24,,,,,
CCTNM,2026-09-24,,,,,
DDNA,2026-09-24,,,,,
EEPRX,2026-09-24,,,,,
GGEN,2026-09-24,,,,,
HHBNB,2026-09-24,,,,,
HHKD,2026-09-24,,,,,
IIBRX,2026-09-24,,,,,
IIDT,2026-09-24,,,,,
IITUB,2026-09-24,,,,,
IIVA,2026-09-24,,,,,
MMNKD,2026-09-24,,,,,
OOPTX,2026-09-24,,,,,
PPACB,2026-09-24,,,,,
PPGEN,2026-09-24,,,,,
RROG,2026-09-24,,,,,
SSGMT,2026-09-24,,,,,
SSPTX,2026-09-24,,,,,
UUTHR,2026-09-24,,,,,
XXRPN,2026-09-24,,,,,
AAPL,2026-09-24,336.7200012207031,338.9100036621094,334.29998779296875,335.9200134277344,24733100.0
AMAT,2026-09-24,463.7900085449219,474.79998779296875,460.54998779296875,474.25,4159900.0
FSMD,2026-09-24,49.52000045776367,49.779998779296875,49.3650016784668,49.630001068115234,248500.0
AAAPG,2026-09-25,,,,,
AAHG,2026-09-25,,,,,
AAZUL,2026-09-25,,,,,
CCAPR,2026-09-25,,,,,
CCBNK,2026-09-25,,,,,
CCBOE,2026-09-25,,,,,
CCDZI,2026-09-25,,,,,
CCOUR,2026-09-25,,,,,
CCTNM,2026-09-25,,,,,
DDNA,2026-09-25,,,,,
EEPRX,2026-09-25,,,,,
GGEN,2026-09-25,,,,,
HHBNB,2026-09-25,,,,,
HHKD,2026-09-25,,,,,
IIBRX,2026-09-25,,,,,
IIDT,2026-09-25,,,,,
IITUB,2026-09-25,,,,,
IIVA,2026-09-25,,,,,
MMNKD,2026-09-25,,,,,
OOPTX,2026-09-25,,,,,
PPACB,2026-09-25,,,,,
PPGEN,2026-09-25,,,,,
RROG,2026-09-25,,,,,
SSGMT,2026-09-25,,,,,
SSPTX,2026-09-25,,,,,
UUTHR,2026-09-25,,,,,
XXRPN,2026-09-25,,,,,
AAPL,2026-09-25,336.0400085449219,341.6700134277344,334.5299987792969,341.07000732421875,30002500.0
AMAT,2026-09-25,478.8900146484375,487.67999267578125,476.3599853515625,485.0,5201600.0
FSMD,2026-09-25,49.849998474121094,49.970001220703125,49.5,49.84000015258789,145000.0
AAAPG,2026-09-28,,,,,
AAHG,2026-09-28,,,,,
AAZUL,2026-09-28,,,,,
CCAPR,2026-09-28,,,,,
CCBNK,2026-09-28,,,,,
CCBOE,2026-09-28,,,,,
CCDZI,2026-09-28,,,,,
CCOUR,2026-09-28,,,,,
CCTNM,2026-09-28,,,,,
DDNA,2026-09-28,,,,,
EEPRX,2026-09-28,,,,,
GGEN,2026-09-28,,,,,
HHBNB,2026-09-28,,,,,
HHKD,2026-09-28,,,,,
IIBRX,2026-09-28,,,,,
IIDT,2026-09-28,,,,,
IITUB,2026-09-28,,,,,
IIVA,2026-09-28,,,,,
MMNKD,2026-09-28,,,,,
OOPTX,2026-09-28,,,,,
PPACB,2026-09-28,,,,,
PPGEN,2026-09-28,,,,,
RROG,2026-09-28,,,,,
SSGMT,2026-09-28,,,,,
SSPTX,2026-09-28,,,,,
UUTHR,2026-09-28,,,,,
XXRPN,2026-09-28,,,,,
AAPL,2026-09-28,340.3699951171875,342.989990234375,338.0400085449219,338.3999938964844,32820800.0
AMAT,2026-09-28,482.20001220703125,487.45001220703125,471.3800048828125,486.760009765625,6092100.0
FSMD,2026-09-28,49.58000183105469,49.720001220703125,49.26900100708008,49.599998474121094,210000.0
AAAPG,2026-09-29,,,,,
AAHG,2026-09-29,,,,,
AAZUL,2026-09-29,,,,,
CCAPR,2026-09-29,,,,,
CCBNK,2026-09-29,,,,,
CCBOE,2026-09-29,,,,,
CCDZI,2026-09-29,,,,,
CCOUR,2026-09-29,,,,,
CCTNM,2026-09-29,,,,,
DDNA,2026-09-29,,,,,
EEPRX,2026-09-29,,,,,
GGEN,2026-09-29,,,,,
HHBNB,2026-09-29,,,,,
HHKD,2026-09-29,,,,,
IIBRX,2026-09-29,,,,,
IIDT,2026-09-29,,,,,
IITUB,2026-09-29,,,,,
IIVA,2026-09-29,,,,,
MMNKD,2026-09-29,,,,,
OOPTX,2026-09-29,,,,,
PPACB,2026-09-29,,,,,
PPGEN,2026-09-29,,,,,
RROG,2026-09-29,,,,,
SSGMT,2026-09-29,,,,,
SSPTX,2026-09-29,,,,,
UUTHR,2026-09-29,,,,,
XXRPN,2026-09-29,,,,,
AAPL,2026-09-29,336.9700012207031,337.0899963378906,328.70001220703125,329.3999938964844,38478000.0
AMAT,2026-09-29,504.7099914550781,513.280029296875,499.1700134277344,512.010009765625,7161200.0
FSMD,2026-09-29,49.54999923706055,49.599998474121094,49.13999938964844,49.41999816894531,149700.0
AAAPG,2026-09-30,,,,,
AAHG,2026-09-30,,,,,
AAZUL,2026-09-30,,,,,
CCAPR,2026-09-30,,,,,
CCBNK,2026-09-30,,,,,
CCBOE,2026-09-30,,,,,
CCDZI,2026-09-30,,,,,
CCOUR,2026-09-30,,,,,
CCTNM,2026-09-30,,,,,
DDNA,2026-09-30,,,,,
EEPRX,2026-09-30,,,,,
GGEN,2026-09-30,,,,,
HHBNB,2026-09-30,,,,,
HHKD,2026-09-30,,,,,
IIBRX,2026-09-30,,,,,
IIDT,2026-09-30,,,,,
IITUB,2026-09-30,,,,,
IIVA,2026-09-30,,,,,
MMNKD,2026-09-30,,,,,
OOPTX,2026-09-30,,,,,
PPACB,2026-09-30,,,,,
PPGEN,2026-09-30,,,,,
RROG,2026-09-30,,,,,
SSGMT,2026-09-30,,,,,
SSPTX,2026-09-30,,,,,
UUTHR,2026-09-30,,,,,
XXRPN,2026-09-30,,,,,
AAPL,2026-09-30,,,,,49875295.0
AMAT,2026-09-30,,,,,6130383.0
FSMD,2026-09-30,,,,,181102.0
