Ticker,Date,Open,High,Low,Close,Volume
AAPL,2025-09-26,253.8539172209246,257.3505275669758,253.5342198150173,255.2126007080078,46076300
AGIO,2025-09-26,37.02000045776367,39.2599983215332,36.38999938964844,38.93000030517578,814400
ALMS,2025-09-26,4.0,4.079999923706055,3.8399999141693115,4.050000190734863,852300
AMAT,2025-09-26,199.6087278897398,204.79855176908558,197.00383338162123,203.52105712890625,7363300
DVAX,2025-09-26,9.770000457763672,9.819999694824219,9.619999885559082,9.779999732971191,1461200
EWTX,2025-09-26,14.710000038146973,16.530000686645508,14.670000076293945,16.049999237060547,1265400
FSMD,2025-09-26,43.45631969105638,43.875125885009766,43.45631969105638,43.875125885009766,55700
HOPE,2025-09-26,10.734933853149414,10.85333374472225,10.675733436883649,10.734933853149414,433600
INTC,2025-09-26,35.02000045776367,36.29999923706055,34.4900016784668,35.5,268583300
OMER,2025-09-26,4.389999866485596,4.519999980926514,4.25,4.460000038146973,1011900
TVTX,2025-09-26,24.860000610351562,25.479999542236328,24.389999389648438,25.299999237060547,1261100
AAPL,2025-09-29,254.31347273152574,254.75304905914027,252.76497075706976,254.18359375,40127700
AGIO,2025-09-29,38.72999954223633,39.63999938964844,38.08000183105469,39.27000045776367,573300
ALMS,2025-09-29,4.050000190734863,4.085000038146973,3.940000057220459,3.950000047683716,318300
AMAT,2025-09-29,205.93632180375118,210.0881870168438,204.2795657001223,204.54904174804688,9295400
DVAX,2025-09-29,9.800000190734863,9.84000015258789,9.600000381469727,9.65999984741211,1721000
EWTX,2025-09-29,16.09000015258789,16.2450008392334,15.619999885559082,15.75,682100
FSMD,2025-09-29,44.14436191589551,44.14436191589551,43.60589352638878,43.795352935791016,96300
HOPE,2025-09-29,10.774399738187103,10.774399738187103,10.557332814843203,10.56719970703125,794900
INTC,2025-09-29,34.52000045776367,35.04999923706055,33.72999954223633,34.47999954223633,152605900
OMER,2025-09-29,4.519999980926514,4.519999980926514,4.139999866485596,4.179999828338623,841900
TVTX,2025-09-29,25.3799991607666,25.459999084472656,22.05500030517578,24.040000915527344,3220200
AAPL,2025-09-30,254.61318058017173,255.67215158054225,252.8648753735947,254.38340759277344,37704300
AGIO,2025-09-30,39.439998626708984,40.20000076293945,38.7599983215332,40.13999938964844,574600
ALMS,2025-09-30,3.9100000858306885,4.005000114440918,3.759999990463257,3.990000009536743,374100
AMAT,2025-09-30,203.96020082020488,209.85864244367252,202.473110300038,204.33946228027344,12253800
DVAX,2025-09-30,9.630000114440918,10.029999732971191,9.600000381469727,9.930000305175781,1498100
EWTX,2025-09-30,15.515000343322754,16.3700008392334,15.479999542236328,16.219999313354492,1130400
FSMD,2025-09-30,43.725551737426166,43.89507125372936,43.53110545369709,43.88509750366211,74100
HOPE,2025-09-30,10.547466744871816,10.636266899569309,10.438933745218606,10.6264009475708,754300
INTC,2025-09-30,33.93000030517578,34.2400016784668,33.02000045776367,33.54999923706055,124818400
OMER,2025-09-30,4.159999847412109,4.179999828338623,4.090000152587891,4.099999904632568,714300
TVTX,2025-09-30,24.079999923706055,24.38789939880371,23.610000610351562,23.899999618530273,1856000
AAPL,2025-10-01,254.7929996074261,258.53938316103813,254.6831055272507,255.20260620117188,48713900
AGIO,2025-10-01,40.09000015258789,41.2400016784668,39.66999816894531,40.06999969482422,677700
ALMS,2025-10-01,3.9600000381469727,4.130000114440918,3.940000057220459,4.059999942779541,582700
AMAT,2025-10-01,204.3394586650073,218.01265337540565,203.21166448777,217.31402587890625,12699200
DVAX,2025-10-01,9.970000267028809,10.350000381469727,9.930000305175781,10.279999732971191,1676600
EWTX,2025-10-01,16.149999618530273,16.43000030517578,15.390000343322754,15.4399995803833,674200
FSMD,2025-10-01,43.775413807285176,43.92498582662215,43.676691938109606,43.84521484375,1268500
HOPE,2025-10-01,10.586933278075142,10.616533956673702,10.448800541783307,10.52773380279541,535800
INTC,2025-10-01,33.529998779296875,36.060001373291016,33.5,35.939998626708984,162649700
OMER,2025-10-01,4.099999904632568,4.179999828338623,4.070000171661377,4.139999866485596,858100
TVTX,2025-10-01,23.219999313354492,25.100000381469727,23.219999313354492,24.790000915527344,2212700
AAPL,2025-10-02,256.33149581258533,257.9299523535748,253.9038565188199,256.8809814453125,42630200
AGIO,2025-10-02,40.36000061035156,40.58000183105469,39.31999969482422,39.93000030517578,392500
ALMS,2025-10-02,4.079999923706055,4.1479997634887695,3.9149999618530273,3.9600000381469727,547600
AMAT,2025-10-02,224.5598178117344,225.9670629916329,218.30207995794498,223.15257263183594,11166000
DVAX,2025-10-02,10.3100004196167,10.34000015258789,10.0,10.100000381469727,929600
EWTX,2025-10-02,15.420000076293945,15.619999885559082,14.850000381469727,15.0,629000
FSMD,2025-10-02,43.905039068026475,43.97484009962342,43.45432220519864,43.89506912231445,115600
HOPE,2025-10-02,10.498134243209511,10.586933457635192,10.409334087825123,10.517867088317871,675200
INTC,2025-10-02,35.7599983215332,37.56999969482422,35.439998626708984,37.29999923706055,149361700
OMER,2025-10-02,4.139999866485596,4.239999771118164,4.079999923706055,4.21999979019165,785500
TVTX,2025-10-02,24.780000686645508,24.780000686645508,23.840499877929688,24.219999313354492,1453700
AAPL,2025-10-03,254.42336451804394,258.9889308017334,253.70406057825727,257.7701110839844,49155600
AGIO,2025-10-03,40.060001373291016,41.41999816894531,39.790000915527344,40.5,525400
ALMS,2025-10-03,4.0,4.091000080108643,3.994999885559082,4.019999980926514,387300
AMAT,2025-10-03,219.4797798818174,220.06862197274054,215.17821424269903,217.10443115234375,9269800
DVAX,2025-10-03,10.149999618530273,10.180000305175781,10.020000457763672,10.100000381469727,1240600
EWTX,2025-10-03,15.359999656677246,15.84000015258789,15.140999794006348,15.649999618530273,1328800
FSMD,2025-10-03,44.02470275474531,44.32385058672216,43.94792161734653,43.99478530883789,93900
HOPE,2025-10-03,10.567200340832475,10.734933754255108,10.567200340832475,10.636266708374023,629400
INTC,2025-10-03,37.95000076293945,38.08000183105469,36.45000076293945,36.83000183105469,125359300
OMER,2025-10-03,4.289999961853027,4.590000152587891,4.260000228881836,4.579999923706055,1231600
TVTX,2025-10-03,24.510000228881836,25.399999618530273,24.3700008392334,24.639999389648438,1251800
AAPL,2025-10-06,257.7401350456914,258.819106172963,254.80299514816292,256.44140625,44664100
AGIO,2025-10-06,40.619998931884766,41.060001373291016,40.36000061035156,40.88999938964844,446700
ALMS,2025-10-06,4.070000171661377,4.177000045776367,3.9649999141693115,4.119999885559082,1018400
AMAT,2025-10-06,221.9050185262134,226.04690875583006,220.33809793566104,223.47195434570312,7891900
DVAX,2025-10-06,10.130000114440918,10.210000038146973,9.949999809265137,10.140000343322754,1393900
EWTX,2025-10-06,15.729999542236328,16.0,15.045000076293945,15.350000381469727,975400
FSMD,2025-10-06,44.23410679081721,44.2390936658856,43.875127863316145,43.95490264892578,284400
HOPE,2025-10-06,10.76453305802471,11.011199721832641,10.695466693265258,10.971733093261719,1075200
INTC,2025-10-06,37.189998626708984,38.68000030517578,36.43000030517578,36.59000015258789,112086100
OMER,2025-10-06,4.619999885559082,4.71999979019165,4.460000038146973,4.610000133514404,1477600
TVTX,2025-10-06,24.6299991607666,26.530000686645508,24.56999969482422,26.1299991607666,2326900
AAPL,2025-10-07,256.56129542181253,257.15072039039774,255.18262697514498,256.23162841796875,31955800
AGIO,2025-10-07,40.939998626708984,41.290000915527344,40.38999938964844,40.869998931884766,319800
ALMS,2025-10-07,4.119999885559082,4.53000020980835,4.079999923706055,4.510000228881836,1732700
AMAT,2025-10-07,223.47196368378363,224.39016204043207,210.8566921980614,211.1461181640625,10543300
DVAX,2025-10-07,10.149999618530273,10.3100004196167,10.069999694824219,10.140000343322754,1414600
EWTX,2025-10-07,15.34000015258789,15.503999710083008,14.9399995803833,15.140000343322754,426600
FSMD,2025-10-07,43.95490347740435,44.054618157424706,43.42740163671529,43.50617980957031,112200
HOPE,2025-10-07,10.952000286236874,11.109866801050746,10.80399972287988,10.81386661529541,1116300
INTC,2025-10-07,36.63999938964844,38.04999923706055,36.349998474121094,37.16999816894531,111140200
OMER,2025-10-07,4.610000133514404,4.690000057220459,4.409999847412109,4.440000057220459,668700
TVTX,2025-10-07,26.440000534057617,26.440000534057617,25.399999618530273,25.5,1514700
AAPL,2025-10-08,256.2715719294531,258.2696351050741,255.8619653198879,257.8100891113281,36496900
AGIO,2025-10-08,41.0,42.61000061035156,40.84000015258789,42.599998474121094,519200
ALMS,2025-10-08,4.559999942779541,4.664999961853027,4.385000228881836,4.429999828338623,1065600
AMAT,2025-10-08,209.5891701950264,218.2222418281512,208.59112652743104,217.08447265625,7875500
DVAX,2025-10-08,10.149999618530273,10.3100004196167,10.140000343322754,10.180000305175781,1392800
EWTX,2025-10-08,15.279999732971191,16.030000686645508,15.210000038146973,15.350000381469727,1162600
FSMD,2025-10-08,43.58594937342067,43.86415689725648,43.376546269874474,43.8152961730957,99300
HOPE,2025-10-08,10.892800509630653,10.92240024764936,10.774400616597124,10.882933616638184,589400
INTC,2025-10-08,36.54999923706055,37.790000915527344,35.90999984741211,37.43000030517578,103202100
OMER,2025-10-08,4.449999809265137,4.53000020980835,4.360000133514404,4.389999866485596,528600
TVTX,2025-10-08,25.959999084472656,26.479999542236328,24.8799991607666,26.200000762939453,1556300
AAPL,2025-10-09,257.5603136690899,257.75013209688524,252.8948383011137,253.79396057128906,38322000
AGIO,2025-10-09,42.650001525878906,43.209999084472656,41.91999816894531,42.43000030517578,540000
ALMS,2025-10-09,4.420000076293945,4.697000026702881,4.420000076293945,4.53000020980835,676400
AMAT,2025-10-09,216.57547147267954,220.42792056056763,215.0883809557261,219.8690185546875,6701400
DVAX,2025-10-09,10.180000305175781,10.380000114440918,10.109999656677246,10.350000381469727,1431900
EWTX,2025-10-09,15.380000114440918,16.510000228881836,15.3100004196167,16.049999237060547,1360800
FSMD,2025-10-09,43.7853825904668,43.941938513162306,43.226970509712054,43.316715240478516,68900
HOPE,2025-10-09,10.863200494567497,10.873067387308332,10.72506681907185,10.794133186340332,497300
INTC,2025-10-09,37.529998779296875,38.099998474121094,36.86000061035156,37.79999923706055,89884700
OMER,2025-10-09,4.429999828338623,4.599999904632568,4.380000114440918,4.559999942779541,1041000
TVTX,2025-10-09,26.290000915527344,27.204999923706055,26.024999618530273,26.06999969482422,1786600
AAPL,2025-10-10,254.69310389004832,256.13171175032437,243.76369637579657,245.032470703125,61999100
AGIO,2025-10-10,42.5099983215332,42.5099983215332,40.20000076293945,40.61000061035156,657700
ALMS,2025-10-10,4.53000020980835,4.659999847412109,4.275000095367432,4.440000057220459,770900
AMAT,2025-10-10,220.26823008089505,224.030858898181,209.31969004336977,209.5392608642578,12829700
DVAX,2025-10-10,10.319999694824219,10.359999656677246,9.960000038146973,9.960000038146973,1291300
EWTX,2025-10-10,16.059999465942383,16.059999465942383,14.673999786376953,15.109999656677246,771700
FSMD,2025-10-10,43.386514846395514,43.49321342712304,42.12610220026124,42.2198371887207,89500
HOPE,2025-10-10,10.794132746916786,10.952000201467401,10.350132942199707,10.350132942199707,927800
INTC,2025-10-10,38.459999084472656,39.650001525878906,36.29999923706055,36.369998931884766,183063300
OMER,2025-10-10,4.590000152587891,4.590000152587891,4.150000095367432,4.190000057220459,1263800
TVTX,2025-10-10,26.0,26.024999618530273,25.1299991607666,25.15999984741211,1605500
AAPL,2025-10-13,249.13848619669534,249.44818352992385,245.32217845998096,247.42015075683594,38142900
AGIO,2025-10-13,40.61000061035156,41.72999954223633,40.349998474121094,40.91999816894531,540500
ALMS,2025-10-13,4.5,4.71999979019165,4.380000114440918,4.610000133514404,521200
AMAT,2025-10-13,219.91892172405446,220.69739454337656,216.6054095360169,219.0506134033203,7853000
DVAX,2025-10-13,9.970000267028809,10.109999656677246,9.949999809265137,10.010000228881836,911100
EWTX,2025-10-13,15.0600004196167,15.239999771118164,14.680000305175781,14.710000038146973,440200
FSMD,2025-10-13,42.65858762877451,42.93779556549759,42.52895931216236,42.8580207824707,71200
HOPE,2025-10-13,10.478400102036714,10.567200254411727,10.369867105222074,10.53760051727295,564200
INTC,2025-10-13,36.439998626708984,37.5099983215332,36.279998779296875,37.220001220703125,104020700
OMER,2025-10-13,4.300000190734863,4.300000190734863,4.090000152587891,4.190000057220459,1030500
TVTX,2025-10-13,25.170000076293945,26.360000610351562,25.09000015258789,26.200000762939453,1545800
AAPL,2025-10-14,246.36117950382103,248.60900042906025,244.46301046499008,247.53004455566406,35478000
AGIO,2025-10-14,40.209999084472656,41.09000015258789,39.709999084472656,40.2400016784668,387600
ALMS,2025-10-14,4.550000190734863,4.684999942779541,4.379000186920166,4.630000114440918,461800
AMAT,2025-10-14,213.4815371587937,221.2163756823578,213.29192165181425,217.76315307617188,8260000
DVAX,2025-10-14,9.979999542236328,10.050000190734863,9.829999923706055,9.829999923706055,959100
EWTX,2025-10-14,14.569999694824219,14.979999542236328,14.25,14.699999809265137,455300
FSMD,2025-10-14,42.42924197225351,43.55503947335781,42.42924197225351,43.38651657104492,68400
HOPE,2025-10-14,10.438933270220442,10.981600125711175,10.438933270220442,10.9125337600708,654800
INTC,2025-10-14,36.0,36.54999923706055,34.689998626708984,35.630001068115234,117908300
OMER,2025-10-14,4.150000095367432,4.190000057220459,4.059999942779541,4.099999904632568,732000
TVTX,2025-10-14,26.110000610351562,26.364999771118164,25.610000610351562,26.139999389648438,1094000
AAPL,2025-10-15,249.24838988167792,251.5761352503302,247.2303418581919,249.09852600097656,33893600
AGIO,2025-10-15,40.310001373291016,41.709999084472656,40.13999938964844,41.380001068115234,515100
ALMS,2025-10-15,4.650000095367432,4.864999771118164,4.579999923706055,4.849999904632568,724200
AMAT,2025-10-15,223.52186766150533,227.6537678577488,220.08859499043584,227.13478088378906,8033600
DVAX,2025-10-15,9.819999694824219,9.979999542236328,9.800000190734863,9.930000305175781,1251300
EWTX,2025-10-15,14.75,15.8100004196167,14.75,15.619999885559082,629600
FSMD,2025-10-15,43.53609055240198,43.73552370302755,43.07839358286467,43.46628952026367,102700
HOPE,2025-10-15,10.942133431658332,10.991466952947922,10.636266352429804,10.656000137329102,558000
INTC,2025-10-15,36.400001525878906,37.4900016784668,35.63999938964844,37.150001525878906,99242700
OMER,2025-10-15,11.59000015258789,12.100000381469727,9.1899995803833,10.420000076293945,125221000
TVTX,2025-10-15,26.239999771118164,27.0,26.06999969482422,26.850000381469727,1748300
AAPL,2025-10-16,248.00958596667436,248.79881419551728,244.8926123625184,247.21035766601562,39777000
AGIO,2025-10-16,41.400001525878906,42.470001220703125,41.0099983215332,41.52000045776367,927700
ALMS,2025-10-16,4.860000133514404,4.90500020980835,4.599999904632568,4.610000133514404,496600
AMAT,2025-10-16,230.14887625638104,231.61600166872148,223.59172203849965,227.27450561523438,7742800
DVAX,2025-10-16,9.949999809265137,10.119999885559082,9.710000038146973,9.800000190734863,1518700
EWTX,2025-10-16,15.430000305175781,16.600000381469727,15.0,15.319999694824219,726100
FSMD,2025-10-16,43.66572535766962,43.66572535766962,42.69847699013629,42.93779754638672,356600
HOPE,2025-10-16,10.596799570744654,10.606666463051985,9.856799584950329,9.9357328414917,1075800
INTC,2025-10-16,37.150001525878906,38.02000045776367,36.40999984741211,36.84000015258789,83357800
OMER,2025-10-16,9.149999618530273,10.359999656677246,8.949999809265137,9.829999923706055,11176200
TVTX,2025-10-16,27.09000015258789,28.0,26.829999923706055,27.510000228881836,2296100
AAPL,2025-10-17,247.77980070207627,253.13461023404025,247.03052706557392,252.045654296875,49147000
AGIO,2025-10-17,41.86000061035156,43.689998626708984,41.86000061035156,42.33000183105469,756100
ALMS,2025-10-17,4.5,4.619999885559082,4.400000095367432,4.489999771118164,1038100
AMAT,2025-10-17,226.02695082918166,226.91520908501144,222.26432193473966,224.5498504638672,5272800
DVAX,2025-10-17,9.829999923706055,9.930000305175781,9.789999961853027,9.829999923706055,1145500
EWTX,2025-10-17,15.149999618530273,15.395000457763672,14.880000114440918,15.0600004196167,679100
FSMD,2025-10-17,42.87796415722457,43.067423559688514,42.718418396236245,43.03750991821289,60400
HOPE,2025-10-17,10.083733368143642,10.182399467997767,10.024532955464258,10.093599319458008,799800
INTC,2025-10-17,36.36000061035156,38.380001068115234,36.08000183105469,37.0099983215332,119394700
OMER,2025-10-17,9.609999656677246,9.65999984741211,7.960000038146973,8.109999656677246,7479400
TVTX,2025-10-17,27.229999542236328,27.75,26.950000762939453,27.31999969482422,2102900
AAPL,2025-10-20,255.64218177653177,264.1239650925819,255.3824390623343,261.98602294921875,90483000
AGIO,2025-10-20,43.04999923706055,43.2400016784668,42.0,42.650001525878906,509000
ALMS,2025-10-20,4.519999980926514,4.769999980926514,4.5,4.760000228881836,604300
AMAT,2025-10-20,226.70560682908015,230.8774371650694,226.08682464528175,227.68370056152344,5494800
DVAX,2025-10-20,9.90999984741211,10.119999885559082,9.84000015258789,10.069999694824219,1100400
EWTX,2025-10-20,15.329999923706055,16.079999923706055,15.069999694824219,15.390000343322754,1069200
FSMD,2025-10-20,43.22696927504794,43.566004492274125,43.11728465512943,43.53609085083008,64200
HOPE,2025-10-20,10.14293283556094,10.478399645031635,10.113333099713124,10.458666801452637,625200
INTC,2025-10-20,37.56999969482422,38.52000045776367,37.560001373291016,38.099998474121094,80230200
OMER,2025-10-20,7.96999979019165,8.369999885559082,7.860000133514404,8.25,2577700
TVTX,2025-10-20,27.579999923706055,28.5,27.200000762939453,27.889999389648438,1969900
AAPL,2025-10-21,261.6263807259345,265.03308188579996,261.5764108568555,262.5155029296875,46695900
AGIO,2025-10-21,42.81999969482422,43.66999816894531,42.310001373291016,43.45000076293945,481600
ALMS,2025-10-21,4.739999771118164,4.829999923706055,4.605000019073486,4.639999866485596,301200
AMAT,2025-10-21,225.4780160099169,227.71363923293165,224.76941355784317,225.557861328125,4557500
DVAX,2025-10-21,10.0600004196167,10.170000076293945,9.989999771118164,10.119999885559082,1261900
EWTX,2025-10-21,15.390000343322754,15.5600004196167,14.979999542236328,15.510000228881836,467100
FSMD,2025-10-21,43.54606261127776,43.80532686083318,43.41344064377946,43.70561218261719,89400
HOPE,2025-10-21,10.419200706205265,10.537600596610488,10.35013339774987,10.42906665802002,525000
INTC,2025-10-21,38.13999938964844,38.349998474121094,37.66999816894531,38.119998931884766,73134900
OMER,2025-10-21,8.100000381469727,8.319999694824219,7.769999980926514,7.869999885559082,2363700
TVTX,2025-10-21,27.559999465942383,27.915000915527344,27.049999237060547,27.799999237060547,2035500
AAPL,2025-10-22,262.3956210979312,262.5954395959732,255.18261234613632,258.19970703125,45015300
AGIO,2025-10-22,43.119998931884766,43.540000915527344,41.2400016784668,41.7400016784668,367600
ALMS,2025-10-22,4.619999885559082,4.619999885559082,4.400000095367432,4.489999771118164,499700
AMAT,2025-10-22,225.55786952545276,226.32636741581464,215.64730318760954,220.12850952148438,7498100
DVAX,2025-10-22,10.119999885559082,10.220000267028809,10.039999961853027,10.149999618530273,1266800
EWTX,2025-10-22,15.470000267028809,15.642000198364258,14.675000190734863,14.890000343322754,516700
FSMD,2025-10-22,43.78538120093845,43.78538120093845,43.13622779579099,43.37654495239258,79800
HOPE,2025-10-22,10.448800443566899,10.646133594242272,10.399466920658385,10.42906665802002,668900
INTC,2025-10-22,37.84000015258789,37.93000030517578,36.040000915527344,36.91999816894531,87099900
OMER,2025-10-22,7.769999980926514,8.029999732971191,7.429999828338623,7.739999771118164,1923900
TVTX,2025-10-22,27.799999237060547,28.235300064086914,26.790800094604492,27.479999542236328,1205500
AAPL,2025-10-23,259.68824995662277,260.36758405794774,257.76012648314656,259.3285827636719,32754900
AGIO,2025-10-23,41.91999816894531,42.11000061035156,41.27000045776367,42.09000015258789,324800
ALMS,2025-10-23,4.5,4.650000095367432,4.369999885559082,4.610000133514404,369500
AMAT,2025-10-23,217.96275865033672,230.09897345320735,217.69328259265353,228.02304077148438,7001900
DVAX,2025-10-23,10.119999885559082,10.229999542236328,10.029999732971191,10.1899995803833,1242900
EWTX,2025-10-23,14.9399995803833,15.449999809265137,14.850000381469727,15.100000381469727,441600
FSMD,2025-10-23,43.5261239261889,43.8352417195564,43.326690760353294,43.73552703857422,84000
HOPE,2025-10-23,10.409333585224113,10.468533058649529,10.300799649013072,10.389599800109863,467300
INTC,2025-10-23,36.599998474121094,38.400001525878906,36.43000030517578,38.15999984741211,121974200
OMER,2025-10-23,7.929999828338623,7.949999809265137,7.599999904632568,7.650000095367432,1350800
TVTX,2025-10-23,27.399999618530273,28.235000610351562,27.270000457763672,28.149999618530273,1175800
AAPL,2025-10-24,260.93706434715574,263.87421967110856,258.9290010880386,262.56549072265625,38253700
AGIO,2025-10-24,42.61000061035156,43.43000030517578,42.099998474121094,43.33000183105469,343100
ALMS,2025-10-24,4.619999885559082,4.71999979019165,4.5,4.510000228881836,352900
AMAT,2025-10-24,228.55200115266393,230.26863748880683,225.84729609767922,228.302490234375,5346700
DVAX,2025-10-24,10.229999542236328,10.399999618530273,10.180000305175781,10.380000114440918,965200
EWTX,2025-10-24,15.180000305175781,15.319999694824219,15.020000457763672,15.180000305175781,433600
FSMD,2025-10-24,44.13438952621999,44.251058061263166,43.865159127038815,43.98481750488281,91100
HOPE,2025-10-24,10.537600554234883,10.665867336897739,10.488267031524757,10.586933135986328,531200
INTC,2025-10-24,40.02000045776367,41.119998931884766,37.83000183105469,38.279998779296875,246380000
OMER,2025-10-24,7.710000038146973,7.849999904632568,7.53000020980835,7.550000190734863,1341100
TVTX,2025-10-24,28.56999969482422,28.850000381469727,28.04199981689453,28.059999465942383,1305700
AAPL,2025-10-27,264.6234656652487,268.8593494221352,264.3936774471076,268.5496520996094,44888200
AGIO,2025-10-27,43.38999938964844,44.25,43.0099983215332,43.08000183105469,546200
ALMS,2025-10-27,4.510000228881836,4.809999942779541,4.510000228881836,4.809999942779541,448000
AMAT,2025-10-27,232.54417248889098,235.3287075960726,230.6778357202874,230.87744140625,7671700
DVAX,2025-10-27,10.40999984741211,10.59000015258789,10.390000343322754,10.489999771118164,1114600
EWTX,2025-10-27,15.229999542236328,16.3799991607666,15.229999542236328,16.030000686645508,935900
FSMD,2025-10-27,44.214162160760736,44.29193991237792,43.9160109430023,43.99478530883789,85800
HOPE,2025-10-27,10.606666884249657,10.675733251226367,10.53760051727295,10.53760051727295,695400
INTC,2025-10-27,38.38999938964844,40.66999816894531,38.22999954223633,39.540000915527344,160007600
OMER,2025-10-27,7.659999847412109,7.820000171661377,7.510000228881836,7.710000038146973,943200
TVTX,2025-10-27,28.770000457763672,29.80500030517578,28.352500915527344,29.770000457763672,2764300
AAPL,2025-10-28,268.7294713644567,269.6286240979669,267.8902885694659,268.7394714355469,41534800
AGIO,2025-10-28,42.970001220703125,43.779998779296875,42.45000076293945,43.43000030517578,647400
ALMS,2025-10-28,4.769999980926514,4.880000114440918,4.644999980926514,4.809999942779541,409100
AMAT,2025-10-28,229.2306587217758,230.5680487896835,226.63575436348205,227.1946563720703,6118500
DVAX,2025-10-28,10.430000305175781,10.550000190734863,10.380000114440918,10.460000038146973,903100
EWTX,2025-10-28,16.030000686645508,16.6200008392334,15.65999984741211,16.420000076293945,632200
FSMD,2025-10-28,44.02470248367953,44.02470248367953,43.60589247839377,43.67569351196289,108800
HOPE,2025-10-28,10.527733534352443,10.715199789236381,10.290933757354203,10.646133422851562,885200
INTC,2025-10-28,39.59000015258789,42.47999954223633,39.540000915527344,41.529998779296875,181256400
OMER,2025-10-28,7.730000019073486,8.050000190734863,7.440000057220459,7.960000038146973,1801000
TVTX,2025-10-28,29.56999969482422,30.969999313354492,29.3700008392334,29.809999465942383,1840000
AAPL,2025-10-29,269.01920560410514,271.1471476128123,266.85129379808274,269.4388122558594,51086700
AGIO,2025-10-29,42.959999084472656,43.470001220703125,41.81999969482422,41.959999084472656,564700
ALMS,2025-10-29,4.809999942779541,4.849999904632568,4.639999866485596,4.710000038146973,586700
AMAT,2025-10-29,232.44435737970605,236.9255788002345,231.54612419638124,235.28878784179688,7784500
DVAX,2025-10-29,10.40999984741211,10.579999923706055,10.270000457763672,10.300000190734863,1506100
EWTX,2025-10-29,16.450000762939453,16.743999481201172,15.9399995803833,16.329999923706055,861000
FSMD,2025-10-29,43.52612400676039,43.8143014894228,42.987655599168875,43.23694610595703,215000
HOPE,2025-10-29,10.695467399086649,10.882933661930252,10.419200980858657,10.517867088317871,967400
INTC,2025-10-29,41.599998474121094,42.040000915527344,40.91999816894531,41.34000015258789,106962900
OMER,2025-10-29,8.0,8.020000457763672,7.510000228881836,7.679999828338623,1416800
TVTX,2025-10-29,30.0,30.522499084472656,29.49489974975586,29.979999542236328,1680000
AAPL,2025-10-30,271.72657092903916,273.87451306817263,268.2199910571769,271.13714599609375,69886500
AGIO,2025-10-30,42.18000030517578,43.810001373291016,40.18000030517578,43.18000030517578,989600
ALMS,2025-10-30,4.679999828338623,4.809999942779541,4.610000133514404,4.659999847412109,309200
AMAT,2025-10-30,237.31482647022875,242.02559388708838,231.62598050506213,232.09506225585938,7317700
DVAX,2025-10-30,10.199999809265137,10.460000038146973,10.109999656677246,10.399999618530273,1230700
EWTX,2025-10-30,16.350000381469727,18.799999237060547,16.329999923706055,18.670000076293945,2324400
FSMD,2025-10-30,42.98765274170562,43.496203668045844,42.89591478466563,42.9477653503418,93100
HOPE,2025-10-30,10.45866729929722,10.646133556535174,10.369867146568147,10.37973403930664,943800
INTC,2025-10-30,40.970001220703125,41.43000030517578,40.11000061035156,40.15999984741211,84855500
OMER,2025-10-30,7.579999923706055,7.940000057220459,7.5,7.519999980926514,1081200
TVTX,2025-10-30,30.079999923706055,30.479999542236328,29.56999969482422,29.649999618530273,1837500
AAPL,2025-10-31,276.721738255342,277.05143573891627,268.89933466249033,270.108154296875,86167100
AGIO,2025-10-31,42.86000061035156,43.720001220703125,42.2599983215332,43.2400016784668,735200
ALMS,2025-10-31,4.650000095367432,4.800000190734863,4.630000114440918,4.75,330000
AMAT,2025-10-31,233.28272926325604,237.4445694746562,229.9991571120555,232.64398193359375,6532600
DVAX,2025-10-31,10.300000190734863,10.460000038146973,10.199999809265137,10.260000228881836,1761500
EWTX,2025-10-31,18.600000381469727,18.719999313354492,17.850000381469727,18.280000686645508,1224400
FSMD,2025-10-31,42.977679289268416,43.21699983523608,42.7184188513519,43.0175666809082,361400
HOPE,2025-10-31,10.310666313801713,10.379733619217184,10.192266428607736,10.350132942199707,904600
INTC,2025-10-31,40.68000030517578,40.83000183105469,39.790000915527344,39.9900016784668,80471400
OMER,2025-10-31,7.539999961853027,7.539999961853027,7.21999979019165,7.329999923706055,1537700
TVTX,2025-10-31,34.599998474121094,35.34000015258789,32.11000061035156,35.15999984741211,6250500
AAPL,2025-11-03,270.15812755648943,270.5877038096653,265.9921525413924,268.7894287109375,50194600
AGIO,2025-11-03,42.86000061035156,44.099998474121094,39.959999084472656,40.130001068115234,834700
ALMS,2025-11-03,4.710000038146973,4.75,4.385000228881836,4.559999942779541,843700
AMAT,2025-11-03,235.20894700946448,239.32088200639657,233.54221592838826,237.24496459960938,6160600
DVAX,2025-11-03,10.220000267028809,10.34000015258789,10.100000381469727,10.1899995803833,1722100
EWTX,2025-11-03,18.280000686645508,18.610000610351562,17.635000228881836,17.969999313354492,1113800
FSMD,2025-11-03,42.9776795856443,43.08736801147461,42.61371759506673,43.08736801147461,138800
HOPE,2025-11-03,10.34026669454089,10.419200897216797,10.202133957015132,10.419200897216797,718600
INTC,2025-11-03,40.25,40.45000076293945,39.04999923706055,39.5,61267500
OMER,2025-11-03,7.210000038146973,7.349999904632568,7.070000171661377,7.170000076293945,1371100
TVTX,2025-11-03,34.58000183105469,35.86000061035156,33.95000076293945,34.529998779296875,4252600
AAPL,2025-11-04,268.0701070960229,271.22705027239556,267.36080327265466,269.7784729003906,49274800
AGIO,2025-11-04,39.33000183105469,40.31999969482422,38.900001525878906,40.0,711200
ALMS,2025-11-04,4.440000057220459,4.650000095367432,4.409999847412109,4.550000190734863,788600
AMAT,2025-11-04,230.96725922290278,236.50640451581492,229.32049329506233,229.7396697998047,6896400
DVAX,2025-11-04,10.149999618530273,10.319999694824219,10.039999961853027,10.050000190734863,2232200
EWTX,2025-11-04,17.584999084472656,18.030000686645508,16.989999771118164,17.325000762939453,959000
FSMD,2025-11-04,42.75830748163253,42.976683920024946,42.628675356983514,42.79819107055664,176400
HOPE,2025-11-04,10.320533703166712,10.39946696376404,10.251467335383724,10.271200180053711,976200
INTC,2025-11-04,38.13999938964844,38.25,36.630001068115234,37.029998779296875,102250300
OMER,2025-11-04,7.059999942779541,7.239999771118164,6.710000038146973,6.730000019073486,1474300
TVTX,2025-11-04,33.9900016784668,36.150001525878906,33.58380126953125,34.130001068115234,2268000
AAPL,2025-11-05,268.3498399683747,271.43687417180433,266.67147434431234,269.8783874511719,43683100
AGIO,2025-11-05,40.25,40.720001220703125,39.209999084472656,40.5099983215332,503600
ALMS,2025-11-05,4.570000171661377,4.710000038146973,4.519999980926514,4.570000171661377,222100
AMAT,2025-11-05,229.73966779350314,241.4367404657586,229.64984752090078,240.41873168945312,7230800
DVAX,2025-11-05,9.949999809265137,10.390000343322754,9.920000076293945,10.300000190734863,2378100
EWTX,2025-11-05,17.350000381469727,17.520000457763672,16.81999969482422,17.3700008392334,800000
FSMD,2025-11-05,43.07739698961061,43.38651475955309,42.83807644796941,43.21699905395508,195700
HOPE,2025-11-05,10.290933571822395,10.537600236988157,10.27119978694898,10.448800086975098,703900
INTC,2025-11-05,37.41999816894531,38.689998626708984,37.11000061035156,38.380001068115234,74631600
OMER,2025-11-05,6.690000057220459,7.019999980926514,6.639999866485596,6.989999771118164,1298600
TVTX,2025-11-05,34.0,34.0,32.9900016784668,33.720001220703125,2311800
AAPL,2025-11-06,267.6305743388968,273.1352174017799,267.6305743388968,269.50872802734375,51204000
AGIO,2025-11-06,40.2599983215332,40.86000061035156,39.939998626708984,40.310001373291016,380700
ALMS,2025-11-06,4.539999961853027,4.84499979019165,4.510000228881836,4.71999979019165,872500
AMAT,2025-11-06,240.29897697770505,240.29897697770505,232.47430308666853,233.07313537597656,9278400
DVAX,2025-11-06,10.640000343322754,11.239999771118164,10.5,10.989999771118164,4116100
EWTX,2025-11-06,17.59000015258789,18.260000228881836,17.06999969482422,17.09000015258789,892300
FSMD,2025-11-06,43.14720115696384,43.35660426869628,42.6635769675785,42.66856384277344,371400
HOPE,2025-11-06,10.389600348626983,10.458667659214587,10.281067347644628,10.360000610351562,601700
INTC,2025-11-06,38.34000015258789,39.84000015258789,36.79999923706055,37.2400016784668,77629900
OMER,2025-11-06,6.989999771118164,7.03000020980835,6.559999942779541,6.579999923706055,1576500
TVTX,2025-11-06,33.959999084472656,34.419898986816406,33.220001220703125,33.29999923706055,1772700
AAPL,2025-11-07,269.5386899523433,272.02629915101613,266.51162568814635,268.2099914550781,48227400
AGIO,2025-11-07,40.189998626708984,41.47999954223633,39.380001068115234,40.66999816894531,378800
ALMS,2025-11-07,4.679999828338623,4.840000152587891,4.400000095367432,4.71999979019165,1394300
AMAT,2025-11-07,231.8156118931123,232.06512281534611,222.94300410763472,229.6199188232422,6892800
DVAX,2025-11-07,10.979999542236328,11.0600004196167,10.520000457763672,10.829999923706055,2265300
EWTX,2025-11-07,17.049999237060547,17.649999618530273,16.700000762939453,17.15999984741211,745800
FSMD,2025-11-07,42.43921381375223,43.147197882860205,42.43921381375223,43.05745315551758,183400
HOPE,2025-11-07,10.359999656677246,10.460000038146973,10.270000457763672,10.460000038146973,707200
INTC,2025-11-07,37.2599983215332,38.27000045776367,36.970001220703125,38.130001068115234,95521400
OMER,2025-11-07,6.5,6.619999885559082,6.25,6.590000152587891,1254600
TVTX,2025-11-07,33.22999954223633,33.22999954223633,30.920000076293945,32.34000015258789,2641100
AAPL,2025-11-10,268.9599914550781,273.7300109863281,267.4599914550781,269.42999267578125,41312400
AGIO,2025-11-10,41.02000045776367,42.06999969482422,41.0,41.380001068115234,465300
ALMS,2025-11-10,4.75,5.099999904632568,4.585000038146973,5.050000190734863,1199400
AMAT,2025-11-10,235.7678460290554,236.07723712242108,231.60600585626347,234.62010192871094,7673700
DVAX,2025-11-10,10.930000305175781,11.239999771118164,10.859999656677246,11.039999961853027,1914100
EWTX,2025-11-10,17.139999389648438,18.700000762939453,16.975000381469727,18.280000686645508,1060300
FSMD,2025-11-10,43.416434782360476,43.605894194666256,43.0075985108482,43.436378479003906,86400
HOPE,2025-11-10,10.489999771118164,10.569999694824219,10.380000114440918,10.420000076293945,618300
INTC,2025-11-10,38.93000030517578,39.529998779296875,37.970001220703125,38.45000076293945,77820300
OMER,2025-11-10,6.679999828338623,6.809999942779541,6.53000020980835,6.599999904632568,1124400
TVTX,2025-11-10,32.599998474121094,34.61000061035156,32.310001373291016,34.380001068115234,1788800
AAPL,2025-11-11,269.80999755859375,275.9100036621094,269.79998779296875,275.25,46208300
AGIO,2025-11-11,41.2400016784668,43.900001525878906,41.15999984741211,43.86000061035156,531000
ALMS,2025-11-11,5.079999923706055,5.400000095367432,5.050000190734863,5.300000190734863,1044900
AMAT,2025-11-11,232.11502038699336,232.79368276318675,226.55590991315495,228.22264099121094,6237600
DVAX,2025-11-11,11.050000190734863,11.380000114440918,10.970000267028809,11.270000457763672,2036600
EWTX,2025-11-11,18.280000686645508,21.56999969482422,18.100000381469727,21.479999542236328,3046800
FSMD,2025-11-11,43.3366589069568,43.65575043749211,43.30674526467883,43.56600570678711,88500
HOPE,2025-11-11,10.430000305175781,10.520000457763672,10.380000114440918,10.4399995803833,1027700
INTC,2025-11-11,38.150001525878906,38.220001220703125,37.4900016784668,37.880001068115234,53741900
OMER,2025-11-11,6.610000133514404,7.059999942779541,6.519999980926514,6.889999866485596,1223200
TVTX,2025-11-11,34.36000061035156,36.755001068115234,33.75,36.11000061035156,2559900
AAPL,2025-11-12,275.0,275.7300109863281,271.70001220703125,273.4700012207031,48398000
AGIO,2025-11-12,43.84000015258789,44.54999923706055,43.20000076293945,43.630001068115234,876800
ALMS,2025-11-12,5.400000095367432,5.409999847412109,4.949999809265137,5.239999771118164,898500
AMAT,2025-11-12,230.77763206127307,231.38643930520323,228.45218849770174,230.2786102294922,5955400
DVAX,2025-11-12,11.210000038146973,11.430000305175781,11.15999984741211,11.260000228881836,2018300
EWTX,2025-11-12,21.43000030517578,21.56999969482422,20.34000015258789,21.170000076293945,1933800
FSMD,2025-11-12,43.56600722382374,43.94991673115777,43.56600722382374,43.66572570800781,83000
HOPE,2025-11-12,10.420000076293945,10.579999923706055,10.420000076293945,10.420000076293945,887500
INTC,2025-11-12,38.060001373291016,38.20000076293945,37.349998474121094,37.88999938964844,53876000
OMER,2025-11-12,6.889999866485596,7.039999961853027,6.809999942779541,6.889999866485596,1087800
TVTX,2025-11-12,36.11000061035156,36.584999084472656,35.27000045776367,36.470001220703125,1076500
AAPL,2025-11-13,274.1099853515625,276.70001220703125,272.0899963378906,272.95001220703125,49602800
AGIO,2025-11-13,43.119998931884766,44.220001220703125,42.470001220703125,42.540000915527344,666800
ALMS,2025-11-13,5.159999847412109,5.360000133514404,5.114999771118164,5.28000020980835,1476700
AMAT,2025-11-13,226.94513905664746,228.55198990047643,219.20032601667316,222.79327392578125,13465900
DVAX,2025-11-13,11.270000457763672,11.40999984741211,11.130000114440918,11.15999984741211,1897200
EWTX,2025-11-13,21.100000381469727,21.155000686645508,19.8700008392334,20.420000076293945,1088700
FSMD,2025-11-13,43.47626073677187,43.63780353347433,42.90289564228767,42.997623443603516,109600
HOPE,2025-11-13,10.350000381469727,10.5,10.289999961853027,10.329999923706055,716600
INTC,2025-11-13,37.27000045776367,37.310001373291016,35.45000076293945,35.90999984741211,95593200
OMER,2025-11-13,6.840000152587891,6.880000114440918,6.239999771118164,6.28000020980835,2084200
TVTX,2025-11-13,36.2599983215332,36.415000915527344,33.72999954223633,33.88999938964844,1909200
AAPL,2025-11-14,271.04998779296875,275.9599914550781,269.6000061035156,272.4100036621094,47431300
AGIO,2025-11-14,41.88999938964844,44.290000915527344,41.34000015258789,43.650001525878906,848800
ALMS,2025-11-14,4.75,5.638000011444092,4.599999904632568,5.519999980926514,1721600
AMAT,2025-11-14,203.35139433846993,225.71755626151366,203.00207296827668,225.56784057617188,15254400
DVAX,2025-11-14,10.970000267028809,11.239999771118164,10.970000267028809,11.0600004196167,1331700
EWTX,2025-11-14,20.520000457763672,24.0,19.959999084472656,22.75,2512800
FSMD,2025-11-14,42.63864377307867,43.066427106358816,42.52895915263467,42.9477653503418,133800
HOPE,2025-11-14,10.25,10.329999923706055,10.170000076293945,10.289999961853027,1027500
INTC,2025-11-14,35.029998779296875,36.099998474121094,34.619998931884766,35.52000045776367,71716200
OMER,2025-11-14,6.639999866485596,7.889999866485596,6.590000152587891,7.869999885559082,4819800
TVTX,2025-11-14,33.13999938964844,35.319000244140625,33.04999923706055,34.5,1218100
AAPL,2025-11-17,268.82000732421875,270.489990234375,265.7300109863281,267.4599914550781,45018300
AGIO,2025-11-17,43.59000015258789,45.959999084472656,42.5,45.130001068115234,882900
ALMS,2025-11-17,5.519999980926514,5.730000019073486,5.440000057220459,5.574999809265137,1187600
AMAT,2025-11-17,223.76138656810858,231.25670423612902,222.8232230867102,228.2625732421875,8713600
DVAX,2025-11-17,11.020000457763672,11.289999961853027,11.020000457763672,11.140000343322754,1869300
EWTX,2025-11-17,22.459999084472656,22.889999389648438,22.06999969482422,22.260000228881836,1662200
FSMD,2025-11-17,42.788221833826434,42.972698175660206,42.00046293047727,42.18992614746094,104300
HOPE,2025-11-17,10.229999542236328,10.279999732971191,9.800000190734863,9.84000015258789,1186900
INTC,2025-11-17,35.45000076293945,35.72999954223633,34.22999954223633,34.709999084472656,72580100
OMER,2025-11-17,7.900000095367432,9.100000381469727,7.71999979019165,9.079999923706055,3849500
TVTX,2025-11-17,34.58000183105469,35.81999969482422,34.279998779296875,35.439998626708984,1382400
AAPL,2025-11-18,269.989990234375,270.7099914550781,265.32000732421875,267.44000244140625,45677300
AGIO,2025-11-18,44.91999816894531,46.0,44.400001525878906,45.4900016784668,569000
ALMS,2025-11-18,5.949999809265137,6.445000171661377,5.716000080108643,6.409999847412109,1469700
AMAT,2025-11-18,226.0369206560383,227.17468980319023,218.9907349527169,224.67958068847656,12167400
DVAX,2025-11-18,11.079999923706055,11.270000457763672,11.039999961853027,11.229999542236328,1584500
EWTX,2025-11-18,22.260000228881836,22.729999542236328,21.600000381469727,22.15999984741211,1041500
FSMD,2025-11-18,41.8808051356518,42.47910083032689,41.8808051356518,42.32952880859375,155600
HOPE,2025-11-18,9.829999923706055,9.989999771118164,9.800000190734863,9.90999984741211,858900
INTC,2025-11-18,34.25,34.7599983215332,33.56999969482422,34.33000183105469,61504800
OMER,2025-11-18,9.0,9.550000190734863,8.479999542236328,8.5,2396800
TVTX,2025-11-18,35.244998931884766,36.869998931884766,34.77000045776367,36.0,1543500
AAPL,2025-11-19,265.5299987792969,272.2099914550781,265.5,268.55999755859375,40424500
AGIO,2025-11-19,23.290000915527344,25.06999969482422,22.239999771118164,22.34000015258789,17657900
ALMS,2025-11-19,6.369999885559082,6.820000171661377,6.210000038146973,6.570000171661377,1624700
AMAT,2025-11-19,226.84533946669154,235.44848627343708,226.0568916666883,234.67001342773438,8870500
DVAX,2025-11-19,11.130000114440918,11.239999771118164,10.90999984741211,11.050000190734863,1431600
EWTX,2025-11-19,22.15999984741211,22.739999771118164,21.93000030517578,22.34000015258789,1182200
FSMD,2025-11-19,42.27966978669077,42.557877311689985,42.11015027082227,42.31955337524414,132800
HOPE,2025-11-19,9.890000343322754,10.020000457763672,9.8100004196167,9.960000038146973,720000
INTC,2025-11-19,34.33000183105469,35.75,34.25,35.11000061035156,67115500
OMER,2025-11-19,8.40999984741211,8.739999771118164,8.199999809265137,8.220000267028809,1362400
TVTX,2025-11-19,35.939998626708984,36.77000045776367,35.36000061035156,35.43000030517578,1258200
AAPL,2025-11-20,270.8299865722656,275.42999267578125,265.9200134277344,266.25,45823600
AGIO,2025-11-20,23.299999237060547,25.979999542236328,23.049999237060547,24.56999969482422,7665900
ALMS,2025-11-20,7.25,7.480000019073486,6.909999847412109,6.920000076293945,1619700
AMAT,2025-11-20,238.7899932861328,240.75999450683594,218.9600067138672,220.22999572753906,9264000
DVAX,2025-11-20,11.170000076293945,11.260000228881836,10.760000228881836,10.800000190734863,2161600
EWTX,2025-11-20,22.799999237060547,23.360000610351562,22.15999984741211,22.25,861300
FSMD,2025-11-20,42.84805283018195,42.90887673061832,41.73920916083839,41.781089782714844,75200
HOPE,2025-11-20,10.029999732971191,10.229999542236328,9.920000076293945,9.970000267028809,712300
INTC,2025-11-20,36.0,36.68000030517578,33.47999954223633,33.619998931884766,96389100
OMER,2025-11-20,8.390000343322754,8.600000381469727,8.199999809265137,8.229999542236328,1271400
TVTX,2025-11-20,36.33000183105469,36.650001525878906,34.18199920654297,34.72999954223633,1557100
AAPL,2025-11-21,265.95001220703125,273.3299865722656,265.6700134277344,271.489990234375,59030800
AGIO,2025-11-21,24.65999984741211,25.940000534057617,23.0,25.239999771118164,3635800
ALMS,2025-11-21,6.849999904632568,7.75,6.670000076293945,7.300000190734863,2423700
AMAT,2025-11-21,219.1999969482422,228.16000366210938,215.5,224.00999450683594,8596800
DVAX,2025-11-21,10.8100004196167,11.25,10.6899995803833,11.180000305175781,1774600
EWTX,2025-11-21,22.200000762939453,23.219999313354492,21.719999313354492,22.670000076293945,1282700
FSMD,2025-11-21,41.88080476943901,42.95774157508277,41.87183143722001,42.75830841064453,289600
HOPE,2025-11-21,9.989999771118164,10.470000267028809,9.979999542236328,10.350000381469727,853200
INTC,2025-11-21,33.5099983215332,34.97999954223633,32.88999938964844,34.5,105641700
OMER,2025-11-21,8.050000190734863,8.90999984741211,8.039999961853027,8.869999885559082,1226000
TVTX,2025-11-21,34.70000076293945,35.45759963989258,34.349998474121094,34.689998626708984,1622200
AAPL,2025-11-24,270.8999938964844,277.0,270.8999938964844,275.9200134277344,65585800
AGIO,2025-11-24,25.559999465942383,26.75,24.959999084472656,26.489999771118164,4268800
ALMS,2025-11-24,7.489999771118164,7.5,6.929999828338623,7.300000190734863,1373400
AMAT,2025-11-24,222.86000061035156,233.1999969482422,222.86000061035156,230.91000366210938,8806600
DVAX,2025-11-24,11.210000038146973,11.5,11.170000076293945,11.4399995803833,2297500
EWTX,2025-11-24,22.670000076293945,23.860000610351562,22.670000076293945,23.479999542236328,1014200
FSMD,2025-11-24,42.967711317972906,43.187088178202636,42.733377636158636,43.09734344482422,66600
HOPE,2025-11-24,10.350000381469727,10.449999809265137,10.229999542236328,10.390000343322754,684000
INTC,2025-11-24,34.970001220703125,36.15999984741211,34.689998626708984,35.790000915527344,103804200
OMER,2025-11-24,8.920000076293945,10.0,8.899999618530273,9.760000228881836,2516100
TVTX,2025-11-24,35.26499938964844,36.400001525878906,35.02000045776367,35.790000915527344,1381600
AAPL,2025-11-25,275.2699890136719,280.3800048828125,275.25,276.9700012207031,46914200
AGIO,2025-11-25,27.190000534057617,28.6299991607666,26.360000610351562,28.43000030517578,2298000
ALMS,2025-11-25,7.369999885559082,7.426000118255615,7.099999904632568,7.329999923706055,797500
AMAT,2025-11-25,237.5500030517578,244.6199951171875,233.13999938964844,242.4600067138672,8330300
DVAX,2025-11-25,11.40999984741211,11.579999923706055,11.350000381469727,11.470000267028809,1306600
EWTX,2025-11-25,23.479999542236328,24.145000457763672,23.280000686645508,24.059999465942383,1742800
FSMD,2025-11-25,43.39648889906566,44.0047583024917,42.9477652568767,43.94492721557617,107300
HOPE,2025-11-25,10.449999809265137,10.789999961853027,10.420000076293945,10.680000305175781,1122000
INTC,2025-11-25,35.54999923706055,36.130001068115234,34.68000030517578,35.83000183105469,62203300
OMER,2025-11-25,9.680000305175781,9.800000190734863,9.34000015258789,9.449999809265137,1307600
TVTX,2025-11-25,35.630001068115234,36.529998779296875,35.310001373291016,36.0099983215332,1320600
AAPL,2025-11-26,276.9599914550781,279.5299987792969,276.6300048828125,277.54998779296875,33431400
AGIO,2025-11-26,28.850000381469727,29.459999084472656,27.84000015258789,29.040000915527344,1857200
ALMS,2025-11-26,7.409999847412109,7.78000020980835,7.375,7.639999866485596,1155700
AMAT,2025-11-26,242.8300018310547,252.66000366210938,242.8300018310547,249.97000122070312,8791100
DVAX,2025-11-26,11.430000305175781,11.529999732971191,11.329999923706055,11.430000305175781,1575500
EWTX,2025-11-26,24.239999771118164,25.93000030517578,23.860000610351562,25.520000457763672,1306900
FSMD,2025-11-26,44.1343879699707,44.4135959135897,43.82527018778443,44.1343879699707,81500
HOPE,2025-11-26,10.619999885559082,10.8100004196167,10.569999694824219,10.710000038146973,1463700
INTC,2025-11-26,36.20000076293945,37.2400016784668,36.130001068115234,36.810001373291016,54563400
OMER,2025-11-26,9.699999809265137,9.84000015258789,9.5,9.630000114440918,1028000
TVTX,2025-11-26,36.0099983215332,36.57899856567383,35.470001220703125,36.2599983215332,1112100
AAPL,2025-11-28,277.260009765625,279.0,275.989990234375,278.8500061035156,20135600
AGIO,2025-11-28,29.299999237060547,29.299999237060547,28.450000762939453,29.200000762939453,500600
ALMS,2025-11-28,7.690000057220459,7.730000019073486,7.559999942779541,7.670000076293945,494000
AMAT,2025-11-28,250.8000030517578,252.47999572753906,247.85000610351562,252.25,2916300
DVAX,2025-11-28,11.4399995803833,11.489999771118164,11.34000015258789,11.369999885559082,836300
EWTX,2025-11-28,25.6200008392334,26.299999237060547,25.290000915527344,26.040000915527344,479600
FSMD,2025-11-28,44.50334095330546,44.50334095330546,44.084530936909026,44.204193115234375,22900
HOPE,2025-11-28,10.680000305175781,10.699999809265137,10.5600004196167,10.619999885559082,414800
INTC,2025-11-28,37.400001525878906,40.59000015258789,37.34000015258789,40.560001373291016,95799500
OMER,2025-11-28,9.680000305175781,9.930000305175781,9.569999694824219,9.6899995803833,594000
TVTX,2025-11-28,36.869998931884766,37.5,35.310001373291016,35.40999984741211,761300
AAPL,2025-12-01,278.010009765625,283.4200134277344,276.1400146484375,283.1000061035156,46587700
AGIO,2025-12-01,28.510000228881836,28.549999237060547,27.6299991607666,27.84000015258789,1501300
ALMS,2025-12-01,7.480000019073486,7.840000152587891,7.309999942779541,7.349999904632568,1015800
AMAT,2025-12-01,250.22999572753906,255.7899932861328,248.52999877929688,254.75,6842400
DVAX,2025-12-01,11.229999542236328,11.3100004196167,10.630000114440918,10.710000038146973,2349000
EWTX,2025-12-01,26.040000915527344,26.239999771118164,25.030000686645508,25.270000457763672,964100
FSMD,2025-12-01,43.745495738636066,44.254050487219615,43.70561214970239,43.95490264892578,71300
HOPE,2025-12-01,10.539999961853027,10.829999923706055,10.539999961853027,10.800000190734863,1357800
INTC,2025-12-01,39.86000061035156,40.380001068115234,39.599998474121094,40.0099983215332,74534900
OMER,2025-12-01,9.829999923706055,10.40999984741211,9.5600004196167,9.680000305175781,2578100
TVTX,2025-12-01,34.935001373291016,35.5,34.56999969482422,35.189998626708984,1288500
AAPL,2025-12-02,283.0,287.3999938964844,282.6300048828125,286.19000244140625,53669500
AGIO,2025-12-02,27.739999771118164,27.989999771118164,26.809999465942383,26.979999542236328,1727100
ALMS,2025-12-02,7.75,7.940000057220459,7.400000095367432,7.409999847412109,1184800
AMAT,2025-12-02,255.6300048828125,267.04998779296875,255.6300048828125,265.3299865722656,9196800
DVAX,2025-12-02,10.699999809265137,10.920000076293945,10.65999984741211,10.880000114440918,1711800
EWTX,2025-12-02,25.270000457763672,25.655000686645508,22.950000762939453,22.979999542236328,1371800
FSMD,2025-12-02,44.194220489322646,44.194220489322646,43.785384212655536,43.82527160644531,87900
HOPE,2025-12-02,10.850000381469727,10.90999984741211,10.720000267028809,10.75,828300
INTC,2025-12-02,40.470001220703125,43.68000030517578,40.04999923706055,43.470001220703125,167205800
OMER,2025-12-02,9.670000076293945,10.079999923706055,9.420000076293945,9.430000305175781,1406000
TVTX,2025-12-02,35.5,35.63999938964844,33.45000076293945,33.9900016784668,2625100
AAPL,2025-12-03,286.20001220703125,288.6199951171875,283.29998779296875,284.1499938964844,43538700
AGIO,2025-12-03,27.149999618530273,27.729999542236328,26.989999771118164,27.489999771118164,1200800
ALMS,2025-12-03,7.409999847412109,7.96999979019165,7.409999847412109,7.840000152587891,1401000
AMAT,2025-12-03,265.29998779296875,269.1499938964844,259.7099914550781,268.6300048828125,7999600
DVAX,2025-12-03,10.880000114440918,11.100000381469727,10.859999656677246,10.970000267028809,1516700
EWTX,2025-12-03,23.049999237060547,23.479999542236328,22.510000228881836,23.31999969482422,1330800
FSMD,2025-12-03,43.964873934103586,44.184250797339864,43.72555337385753,44.14436340332031,76100
HOPE,2025-12-03,10.789999961853027,10.989999771118164,10.770000457763672,10.9399995803833,741400
INTC,2025-12-03,43.38999938964844,44.02000045776367,42.5099983215332,43.7599983215332,91957200
OMER,2025-12-03,9.430000305175781,10.680000305175781,9.3100004196167,10.619999885559082,1772200
TVTX,2025-12-03,34.40999984741211,35.349998474121094,34.099998474121094,34.849998474121094,1447100
AAPL,2025-12-04,284.1000061035156,284.7300109863281,278.5899963378906,280.70001220703125,43989100
AGIO,2025-12-04,27.350000381469727,27.690000534057617,27.1299991607666,27.420000076293945,1225500
ALMS,2025-12-04,7.800000190734863,8.404999732971191,7.630000114440918,8.300000190734863,1267200
AMAT,2025-12-04,268.3399963378906,272.760009765625,266.0,269.44000244140625,6348800
DVAX,2025-12-04,10.960000038146973,11.029999732971191,10.789999961853027,10.960000038146973,1500900
EWTX,2025-12-04,23.440000534057617,24.03499984741211,23.139999389648438,23.709999084472656,940200
FSMD,2025-12-04,44.15433272485879,44.38367953141778,43.98780685124925,44.254051208496094,87900
HOPE,2025-12-04,10.850000381469727,10.949999809265137,10.8100004196167,10.930000305175781,701900
INTC,2025-12-04,43.2599983215332,43.279998779296875,40.13999938964844,40.5,107850200
OMER,2025-12-04,10.520000457763672,11.029999732971191,10.34000015258789,11.029999732971191,1267600
TVTX,2025-12-04,34.45000076293945,35.6349983215332,34.45000076293945,35.33000183105469,1433700
AAPL,2025-12-05,280.5400085449219,281.1400146484375,278.04998779296875,278.7799987792969,47265800
AGIO,2025-12-05,27.559999465942383,27.950000762939453,27.059999465942383,27.729999542236328,850300
ALMS,2025-12-05,8.5,11.295000076293945,8.430000305175781,11.119999885559082,4350300
AMAT,2025-12-05,269.7900085449219,273.5899963378906,267.3599853515625,268.0,5373400
DVAX,2025-12-05,10.949999809265137,11.029999732971191,10.869999885559082,10.890000343322754,1075700
EWTX,2025-12-05,23.719999313354492,24.270000457763672,23.475000381469727,23.59000015258789,756100
FSMD,2025-12-05,44.45348146037324,44.483395101569606,44.1244161917294,44.21416091918945,173500
HOPE,2025-12-05,10.890000343322754,10.960000038146973,10.819999694824219,10.930000305175781,1126400
INTC,2025-12-05,41.15999984741211,42.83000183105469,41.150001525878906,41.40999984741211,103042000
OMER,2025-12-05,10.9399995803833,11.0,10.609999656677246,10.850000381469727,1035000
TVTX,2025-12-05,35.31999969482422,35.59000015258789,34.52000045776367,35.0,1573800
AAPL,2025-12-08,278.1300048828125,279.6700134277344,276.1499938964844,277.8900146484375,38211800
AGIO,2025-12-08,27.600000381469727,28.579999923706055,27.1200008392334,27.280000686645508,1091800
ALMS,2025-12-08,11.0,11.399999618530273,10.510000228881836,11.15999984741211,1914400
AMAT,2025-12-08,269.5,272.1600036621094,266.5400085449219,268.1600036621094,5338100
DVAX,2025-12-08,10.970000267028809,11.180000305175781,10.869999885559082,10.970000267028809,2024700
EWTX,2025-12-08,24.100000381469727,24.65999984741211,23.219999313354492,23.559999465942383,1294400
FSMD,2025-12-08,44.26401903750394,44.273992787326165,43.96487120864451,44.01472854614258,135800
HOPE,2025-12-08,10.989999771118164,11.119999885559082,10.880000114440918,11.039999961853027,1073600
INTC,2025-12-08,41.939998626708984,42.119998931884766,39.70000076293945,40.29999923706055,93953600
OMER,2025-12-08,11.010000228881836,11.4399995803833,10.819999694824219,11.399999618530273,1309400
TVTX,2025-12-08,35.60499954223633,35.790000915527344,34.0,34.290000915527344,1539800
AAPL,2025-12-09,278.1600036621094,280.0299987792969,276.9200134277344,277.17999267578125,32193300
AGIO,2025-12-09,27.420000076293945,27.639999389648438,26.799999237060547,26.850000381469727,1003000
ALMS,2025-12-09,11.149999618530273,11.569999694824219,10.75,11.430000305175781,961600
AMAT,2025-12-09,266.07000732421875,268.7099914550781,264.7300109863281,267.1400146484375,4062600
DVAX,2025-12-09,10.970000267028809,11.109999656677246,10.859999656677246,10.890000343322754,1711300
EWTX,2025-12-09,23.559999465942383,24.079999923706055,23.1299991607666,23.34000015258789,1103400
FSMD,2025-12-09,44.02470229596481,44.28396273327737,43.949914387782194,44.01472854614258,124400
HOPE,2025-12-09,11.0600004196167,11.210000038146973,10.90999984741211,10.9399995803833,1027100
INTC,2025-12-09,40.72999954223633,41.2599983215332,40.029998779296875,40.5,61877200
OMER,2025-12-09,11.279999732971191,11.649999618530273,11.130000114440918,11.470000267028809,1101200
TVTX,2025-12-09,34.2599983215332,35.18000030517578,34.220001220703125,34.5099983215332,1184400
AAPL,2025-12-10,277.75,279.75,276.44000244140625,278.7799987792969,33038300
AGIO,2025-12-10,27.030000686645508,28.610000610351562,26.860000610351562,28.0,1630000
ALMS,2025-12-10,11.5,12.4399995803833,11.329999923706055,12.109999656677246,1147200
AMAT,2025-12-10,266.7699890136719,276.1000061035156,265.8599853515625,275.1499938964844,6244600
DVAX,2025-12-10,10.90999984741211,10.960000038146973,10.710000038146973,10.899999618530273,1214400
EWTX,2025-12-10,23.579999923706055,24.389999389648438,23.459999084472656,23.739999771118164,1048700
FSMD,2025-12-10,43.94492909150855,44.95206484295564,43.94492909150855,44.77257537841797,158600
HOPE,2025-12-10,10.90999984741211,11.600000381469727,10.90999984741211,11.539999961853027,2978600
INTC,2025-12-10,40.11000061035156,40.9900016784668,38.88999938964844,40.779998779296875,75974900
OMER,2025-12-10,11.470000267028809,11.710000038146973,11.220000267028809,11.239999771118164,1200900
TVTX,2025-12-10,34.5099983215332,35.150001525878906,33.84000015258789,34.380001068115234,1150700
AAPL,2025-12-11,279.1000061035156,279.5899963378906,273.80999755859375,278.0299987792969,33248000
AGIO,2025-12-11,27.84000015258789,28.25,27.260000228881836,27.459999084472656,1511500
ALMS,2025-12-11,12.100000381469727,12.1899995803833,11.380000114440918,11.609999656677246,1092500
AMAT,2025-12-11,271.2200012207031,271.989990234375,262.8299865722656,270.1099853515625,7061200
DVAX,2025-12-11,10.949999809265137,11.0,10.789999961853027,10.859999656677246,1247000
EWTX,2025-12-11,24.045000076293945,24.510000228881836,23.31999969482422,23.43000030517578,1266900
FSMD,2025-12-11,44.67285636528549,45.37087051865439,44.67285636528549,45.29109573364258,112600
HOPE,2025-12-11,11.5,11.65999984741211,11.449999809265137,11.579999923706055,1086600
INTC,2025-12-11,40.06999969482422,40.189998626708984,39.08000183105469,39.5099983215332,59096800
OMER,2025-12-11,11.09000015258789,11.420000076293945,10.350000381469727,10.59000015258789,1567000
TVTX,2025-12-11,34.41999816894531,35.970001220703125,33.900001525878906,35.0099983215332,1508900
AAPL,2025-12-12,277.8999938964844,279.2200012207031,276.82000732421875,278.2799987792969,39532900
AGIO,2025-12-12,27.520000457763672,27.670000076293945,26.780000686645508,27.270000457763672,1203100
ALMS,2025-12-12,11.569999694824219,11.786999702453613,11.131999969482422,11.489999771118164,799300
AMAT,2025-12-12,267.260009765625,269.7099914550781,257.1300048828125,259.2099914550781,6739300
DVAX,2025-12-12,10.890000343322754,10.90999984741211,10.760000228881836,10.800000190734863,1066700
EWTX,2025-12-12,24.010000228881836,24.99799919128418,22.770000457763672,23.6200008392334,2335200
FSMD,2025-12-12,45.321014777117455,45.42072945802516,44.776562881451014,44.892234802246094,254700
HOPE,2025-12-12,11.600000381469727,11.609999656677246,11.399999618530273,11.520000457763672,960900
INTC,2025-12-12,39.25,40.029998779296875,37.619998931884766,37.810001373291016,87784500
OMER,2025-12-12,10.609999656677246,10.710000038146973,10.149999618530273,10.149999618530273,1118300
TVTX,2025-12-12,34.779998779296875,35.130001068115234,33.959999084472656,34.83000183105469,1451300
AAPL,2025-12-15,280.1499938964844,280.1499938964844,272.8399963378906,274.1099853515625,50409100
AGIO,2025-12-15,27.600000381469727,27.950000762939453,26.520000457763672,26.850000381469727,1182800
ALMS,2025-12-15,11.5600004196167,11.595000267028809,11.180000305175781,11.3100004196167,1107400
AMAT,2025-12-15,263.42999267578125,265.69000244140625,259.7900085449219,261.2699890136719,6406000
DVAX,2025-12-15,10.8100004196167,10.970000267028809,10.770000457763672,10.850000381469727,1507300
EWTX,2025-12-15,23.670000076293945,24.309999465942383,22.989999771118164,23.940000534057617,3668200
FSMD,2025-12-15,45.24123753133827,45.24123753133827,44.71473613269823,44.832401275634766,126200
HOPE,2025-12-15,11.569999694824219,11.649999618530273,11.40999984741211,11.5,988300
INTC,2025-12-15,38.33000183105469,38.47999954223633,37.31999969482422,37.5099983215332,60898500
OMER,2025-12-15,10.199999809265137,10.239999771118164,9.1899995803833,9.199999809265137,1958600
TVTX,2025-12-15,35.13999938964844,36.24300003051758,34.43000030517578,34.7599983215332,1621000
AAPL,2025-12-16,272.82000732421875,275.5,271.7900085449219,274.6099853515625,37648600
AGIO,2025-12-16,26.719999313354492,26.899999618530273,25.979999542236328,26.09000015258789,1038900
ALMS,2025-12-16,11.15999984741211,11.479999542236328,11.0,11.399999618530273,434600
AMAT,2025-12-16,259.7900085449219,261.5799865722656,255.3000030517578,258.8399963378906,5859700
DVAX,2025-12-16,10.819999694824219,10.899999618530273,10.75,10.779999732971191,1739300
EWTX,2025-12-16,23.809999465942383,24.309999465942383,22.549999237060547,22.770000457763672,2070900
FSMD,2025-12-16,44.88225863984422,44.88225863984422,44.37370770835064,44.58311080932617,80900
HOPE,2025-12-16,11.529999732971191,11.550000190734863,11.350000381469727,11.470000267028809,1149900
INTC,2025-12-16,37.58000183105469,37.959999084472656,36.91999816894531,37.310001373291016,50490300
OMER,2025-12-16,9.020000457763672,9.180000305175781,8.270000457763672,8.770000457763672,2533800
TVTX,2025-12-16,34.22999954223633,36.15999984741211,34.22999954223633,35.849998474121094,1758500
AAPL,2025-12-17,275.010009765625,276.1600036621094,271.6400146484375,271.8399963378906,50138700
AGIO,2025-12-17,26.190000534057617,26.360000610351562,25.40999984741211,25.450000762939453,1417500
ALMS,2025-12-17,11.380000114440918,11.470000267028809,10.4399995803833,10.579999923706055,676100
AMAT,2025-12-17,258.1600036621094,260.1000061035156,246.9199981689453,248.27000427246094,7855400
DVAX,2025-12-17,10.789999961853027,11.020000457763672,10.630000114440918,10.789999961853027,1715000
EWTX,2025-12-17,22.729999542236328,23.25,22.260000228881836,22.309999465942383,3439400
FSMD,2025-12-17,44.72271489742551,45.01189279500349,44.34877914141403,44.413597106933594,204700
HOPE,2025-12-17,11.449999809265137,11.649999618530273,11.390000343322754,11.510000228881836,1043100
INTC,2025-12-17,37.59000015258789,37.84000015258789,35.970001220703125,36.04999923706055,54792000
OMER,2025-12-17,8.800000190734863,9.300000190734863,8.720000267028809,8.829999923706055,1359100
TVTX,2025-12-17,35.7400016784668,36.16999816894531,33.4900016784668,33.88999938964844,2395000
AAPL,2025-12-18,273.6099853515625,273.6300048828125,266.95001220703125,272.19000244140625,51630700
AGIO,2025-12-18,25.780000686645508,26.219999313354492,24.600000381469727,24.729999542236328,1174400
ALMS,2025-12-18,10.59000015258789,11.710000038146973,10.59000015258789,11.0600004196167,2809000
AMAT,2025-12-18,259.0899963378906,260.82000732421875,252.22999572753906,253.5,8741200
DVAX,2025-12-18,10.800000190734863,10.979999542236328,10.800000190734863,10.869999885559082,1144600
EWTX,2025-12-18,22.309999465942383,22.812000274658203,20.139999389648438,21.149999618530273,2598200
FSMD,2025-12-18,44.762599348383254,44.97200244505481,44.54521953429625,44.62299728393555,88000
HOPE,2025-12-18,11.600000381469727,11.670000076293945,11.510000228881836,11.59000015258789,854100
INTC,2025-12-18,37.380001068115234,37.4900016784668,35.66999816894531,36.279998779296875,69468400
OMER,2025-12-18,8.920000076293945,9.350000381469727,8.920000076293945,9.15999984741211,997000
TVTX,2025-12-18,34.20000076293945,34.595001220703125,33.79999923706055,34.4900016784668,1032400
AAPL,2025-12-19,272.1499938964844,274.6000061035156,269.8999938964844,273.6700134277344,144632000
AGIO,2025-12-19,25.06999969482422,25.309999465942383,24.25,24.459999084472656,3772700
ALMS,2025-12-19,11.039999961853027,11.369999885559082,10.994000434875488,11.289999961853027,1497900
AMAT,2025-12-19,255.7100067138672,261.32000732421875,253.5800018310547,256.4100036621094,25749700
DVAX,2025-12-19,10.880000114440918,11.069999694824219,10.84000015258789,10.859999656677246,3960500
EWTX,2025-12-19,21.850000381469727,25.639999389648438,21.485000610351562,25.549999237060547,3124700
FSMD,2025-12-19,44.7400016784668,44.88999938964844,44.650001525878906,44.79999923706055,137100
HOPE,2025-12-19,11.550000190734863,11.609999656677246,11.319999694824219,11.449999809265137,2607700
INTC,2025-12-19,36.47999954223633,37.58000183105469,36.439998626708984,36.81999969482422,163221300
OMER,2025-12-19,9.25,9.930000305175781,9.25,9.600000381469727,2346200
TVTX,2025-12-19,34.5099983215332,35.93000030517578,34.25,34.5099983215332,4619700
AAPL,2025-12-22,272.8599853515625,273.8800048828125,270.510009765625,270.9700012207031,36571800
AGIO,2025-12-22,24.530000686645508,25.059999465942383,24.15999984741211,24.950000762939453,2564400
ALMS,2025-12-22,11.170000076293945,11.510000228881836,10.989999771118164,11.180000305175781,893800
AMAT,2025-12-22,262.8299865722656,262.8299865722656,257.6000061035156,259.010009765625,4182000
DVAX,2025-12-22,10.880000114440918,11.289999961853027,10.779999732971191,11.15999984741211,1995400
EWTX,2025-12-22,25.200000762939453,25.389999389648438,19.760000228881836,20.940000534057617,3600500
FSMD,2025-12-22,44.97999954223633,45.279998779296875,44.95000076293945,45.13999938964844,172000
HOPE,2025-12-22,11.460000038146973,11.600000381469727,11.369999885559082,11.390000343322754,777100
INTC,2025-12-22,37.88999938964844,37.900001525878906,36.290000915527344,36.369998931884766,51685400
OMER,2025-12-22,9.619999885559082,10.260000228881836,9.5,9.510000228881836,2613200
TVTX,2025-12-22,35.150001525878906,36.900001525878906,34.95000076293945,36.5,1525400
AAPL,2025-12-23,270.8399963378906,272.5,269.55999755859375,272.3599853515625,29642000
AGIO,2025-12-23,24.950000762939453,24.950000762939453,24.440000534057617,24.59000015258789,915700
ALMS,2025-12-23,11.079999923706055,11.54800033569336,11.029999732971191,11.449999809265137,644700
AMAT,2025-12-23,258.1600036621094,260.45001220703125,257.8800048828125,260.2300109863281,3791500
DVAX,2025-12-23,11.079999923706055,11.140000343322754,10.979999542236328,11.130000114440918,1380800
EWTX,2025-12-23,21.020000457763672,22.290000915527344,21.020000457763672,21.7450008392334,1862300
FSMD,2025-12-23,45.119998931884766,45.2599983215332,44.89500045776367,44.97999954223633,117700
HOPE,2025-12-23,11.380000114440918,11.40999984741211,11.260000228881836,11.270000457763672,949900
INTC,2025-12-23,36.2400016784668,36.79999923706055,36.029998779296875,36.349998474121094,35958000
OMER,2025-12-23,9.430000305175781,9.649999618530273,8.600000381469727,8.75,2520300
TVTX,2025-12-23,36.18000030517578,36.4900016784668,35.22999954223633,35.36000061035156,942000
AAPL,2025-12-24,272.3399963378906,275.42999267578125,272.25,273.80999755859375,17131187
AGIO,2025-12-24,28.0,30.039899826049805,27.100000381469727,29.170000076293945,6058293
ALMS,2025-12-24,11.569999694824219,11.6899995803833,11.350000381469727,11.399999618530273,448025
AMAT,2025-12-24,260.2300109863281,261.4798889160156,259.5,260.7799987792969,1216290
DVAX,2025-12-24,15.489999771118164,15.489999771118164,15.380000114440918,15.380000114440918,30692612
EWTX,2025-12-24,22.440000534057617,27.3799991607666,22.15999984741211,27.290000915527344,3588843
FSMD,2025-12-24,44.939998626708984,45.149898529052734,44.86000061035156,45.08000183105469,42006
HOPE,2025-12-24,11.260000228881836,11.324999809265137,11.229999542236328,11.279999732971191,363688
INTC,2025-12-24,35.16999816894531,36.17499923706055,34.95000076293945,36.15999984741211,36866840
OMER,2025-12-24,16.440000534057617,17.649999618530273,13.920000076293945,15.359999656677246,23963215
TVTX,2025-12-24,36.040000915527344,42.130001068115234,36.0099983215332,40.279998779296875,3812638
